[
{
  "model": "contenttypes.contenttype",
  "fields": {
    "app_label": "admin",
    "model": "logentry"
  }
},
{
  "model": "contenttypes.contenttype",
  "fields": {
    "app_label": "auth",
    "model": "permission"
  }
},
{
  "model": "contenttypes.contenttype",
  "fields": {
    "app_label": "auth",
    "model": "group"
  }
},
{
  "model": "contenttypes.contenttype",
  "fields": {
    "app_label": "auth",
    "model": "user"
  }
},
{
  "model": "contenttypes.contenttype",
  "fields": {
    "app_label": "contenttypes",
    "model": "contenttype"
  }
},
{
  "model": "contenttypes.contenttype",
  "fields": {
    "app_label": "sessions",
    "model": "session"
  }
},
{
  "model": "contenttypes.contenttype",
  "fields": {
    "app_label": "account",
    "model": "profile"
  }
},
{
  "model": "contenttypes.contenttype",
  "fields": {
    "app_label": "social_django",
    "model": "association"
  }
},
{
  "model": "contenttypes.contenttype",
  "fields": {
    "app_label": "social_django",
    "model": "code"
  }
},
{
  "model": "contenttypes.contenttype",
  "fields": {
    "app_label": "social_django",
    "model": "nonce"
  }
},
{
  "model": "contenttypes.contenttype",
  "fields": {
    "app_label": "social_django",
    "model": "usersocialauth"
  }
},
{
  "model": "contenttypes.contenttype",
  "fields": {
    "app_label": "social_django",
    "model": "partial"
  }
},
{
  "model": "contenttypes.contenttype",
  "fields": {
    "app_label": "easy_thumbnails",
    "model": "source"
  }
},
{
  "model": "contenttypes.contenttype",
  "fields": {
    "app_label": "easy_thumbnails",
    "model": "thumbnail"
  }
},
{
  "model": "contenttypes.contenttype",
  "fields": {
    "app_label": "easy_thumbnails",
    "model": "thumbnaildimensions"
  }
},
{
  "model": "contenttypes.contenttype",
  "fields": {
    "app_label": "images",
    "model": "image"
  }
},
{
  "model": "contenttypes.contenttype",
  "fields": {
    "app_label": "account",
    "model": "contact"
  }
},
{
  "model": "contenttypes.contenttype",
  "fields": {
    "app_label": "actions",
    "model": "action"
  }
},
{
  "model": "sessions.session",
  "pk": "04ei29f96s4i7prl71x6ts2tlsd4aiuy",
  "fields": {
    "session_data": "eyJnb29nbGUtb2F1dGgyX3N0YXRlIjoiU0NZYXI2SlNmbHRQbUxpd3N0ME9DcHUwd1AxSFgyT0EiLCJmYWNlYm9va19zdGF0ZSI6InZpVWVYYk80aXVibXA4RkNHRDUyZURoemZkTUZobGhvIn0:1rHP8o:m3KddWhEiYcS7Dy9uXjiCDHWan9xW7jujOQYX_hCxqA",
    "expire_date": "2024-01-07T14:07:42.447Z"
  }
},
{
  "model": "sessions.session",
  "pk": "1ch08ce62qrh9bxgjdi0u6qblyt5om8v",
  "fields": {
    "session_data": "e30:1qUCEr:pN7h-IintdsnfZHF7AMOLt_YgjLFNgUt6ErK8-CMofA",
    "expire_date": "2023-08-24T20:26:33.220Z"
  }
},
{
  "model": "sessions.session",
  "pk": "1l6wuxuc6rwj8ubt538dn7amktr8buw6",
  "fields": {
    "session_data": "eyJnb29nbGUtb2F1dGgyX3N0YXRlIjoiQjNDWHZtdk5uek1Bb2JiM2dmT3owTmdhalY3T011b3ciLCJmYWNlYm9va19zdGF0ZSI6IlhJSWlRSzNXajVQYXpabVNZbzk1REdSZ1ZFMThOU1puIn0:1r88J7:ifN9-SOYJCER6Rvr-a1-rRUUADHxcMRQcw9en8MLtvU",
    "expire_date": "2023-12-13T00:20:01.064Z"
  }
},
{
  "model": "sessions.session",
  "pk": "1qzc88r9qrbepnkhm71esghcjiparn15",
  "fields": {
    "session_data": "eyJnb29nbGUtb2F1dGgyX3N0YXRlIjoieHY2RGF6VnY2VHQ4dmVneWh5SlJVT0M3RHI2dFh4czAifQ:1spzZI:hE1d_-ecx5hVosGnRTMD9ACZygVI8vX95FXWTuaMEBg",
    "expire_date": "2024-09-30T00:26:16.940Z"
  }
},
{
  "model": "sessions.session",
  "pk": "1ynuvlga6nopvhlysrztxa3fl6ofjkkr",
  "fields": {
    "session_data": ".eJxVjDsOwyAQRO9CHSHD8k2Z3mdACyzBSYQlY1dR7h5bcpFounlv5s0CbmsNW6clTJldmWSX3y5ielI7QH5gu888zW1dpsgPhZ-083HO9Lqd7t9BxV73tS-OrAClFCQ3DADZlGx00ZoixaxsdNIILKmgjQoLOpAgPGiPewjZ5wvi9Dg_:1qUCev:ghel9Fwh0P9C-ulHMEdLHTH6-qYE0idY6RLCJPXNLL8",
    "expire_date": "2023-08-24T20:53:29.463Z"
  }
},
{
  "model": "sessions.session",
  "pk": "3vydfrn3nrwi4i4u7lvigjkqflai3cql",
  "fields": {
    "session_data": "eyJmYWNlYm9va19zdGF0ZSI6IkZFNEo5eXJPQ0UydGZpNVVyY0NPam9EOUpxazZjN1FmIn0:1qajxU:o9ndOcRE8NyvgAq6IFzSIyiGhYOQfjcC75dddy_OpbE",
    "expire_date": "2023-09-11T21:39:40.453Z"
  }
},
{
  "model": "sessions.session",
  "pk": "4sf30t07iu9qolvvv3ulzxgq4u60j1w1",
  "fields": {
    "session_data": ".eJxVjMsOwiAQRf-FtSFQOjxcuvcbyMAMtmogKe3K-O_apAvd3nPOfYmI2zrFrfMSZxJnocXpd0uYH1x3QHestyZzq-syJ7kr8qBdXhvx83K4fwcT9ulbIzoa1GAcwFhUIAjZ-9FY1qGgDWQAMBXHxBaYrHfKaRiMCVpjUInF-wPRJTdV:1qcvtr:L5OZwZ75fzYgu83oIXmy0_3bkWIZyGOPFKnCJVFcNX4",
    "expire_date": "2023-09-17T22:48:59.484Z"
  }
},
{
  "model": "sessions.session",
  "pk": "55ea8j83vtcjstqi9j9yyk7mxqly68t7",
  "fields": {
    "session_data": ".eJxVjEEOwiAQRe_C2hAKZQZcuu8ZyDCgVA0kpV0Z765NutDtf-_9lwi0rSVsPS9hTuIsRnH63SLxI9cdpDvVW5Pc6rrMUe6KPGiXU0v5eTncv4NCvXxrRQaci2h5MBo8e8vOG8QMefSM2l4dgMfIBAYIhmyURhUxGcfokxbvD7tmNt0:1srK0G:x8gc2UkddMfuFp6gUpD-Ah15koxV0dBruKR4FOi19LM",
    "expire_date": "2024-10-03T16:27:36.121Z"
  }
},
{
  "model": "sessions.session",
  "pk": "5gvrz9ijkawfy1vzou0u5e9roge0uung",
  "fields": {
    "session_data": ".eJxVjMsOwiAQRf-FtSFQOjxcuvcbyMAMtmogKe3K-O_apAvd3nPOfYmI2zrFrfMSZxJnocXpd0uYH1x3QHestyZzq-syJ7kr8qBdXhvx83K4fwcT9ulbIzoa1GAcwFhUIAjZ-9FY1qGgDWQAMBXHxBaYrHfKaRiMCVpjUInF-wPRJTdV:1sr02z:pptsBRC-ci-5VuhRzXSonQ49y9tJABNRceRaLF7vxtA",
    "expire_date": "2024-10-02T19:09:05.465Z"
  }
},
{
  "model": "sessions.session",
  "pk": "7fb4ke1ehxsh1r2z0jcxhzuo0mbgoo38",
  "fields": {
    "session_data": ".eJxVjEEOwiAQRe_C2hAohWFcuu8ZyMBQqRqalHZlvLtt0oVu_3vvv0WgbS1ha3kJE4urMOLyu0VKz1wPwA-q91mmua7LFOWhyJM2OcycX7fT_Tso1Mpeg4pWOTadAYwjqpS5d4qQAXwC7X1nepvYa5sZMQOg3iVyY1TkIHrx-QLKLzdj:1ssrlk:YPaIScBlqu6A7BgUui4UQFD5BtExNRlzLbdtoObAff8",
    "expire_date": "2024-10-07T22:43:00.440Z"
  }
},
{
  "model": "sessions.session",
  "pk": "88a1meljwjmm03wfl0k412e7vhu2ki9t",
  "fields": {
    "session_data": ".eJxVjEEOwiAQRe_C2hAKZQZcuu8ZyDCgVA0kpV0Z765NutDtf-_9lwi0rSVsPS9hTuIsRnH63SLxI9cdpDvVW5Pc6rrMUe6KPGiXU0v5eTncv4NCvXxrRQaci2h5MBo8e8vOG8QMefSM2l4dgMfIBAYIhmyURhUxGcfokxbvD7tmNt0:1ssTX9:I84DjxMi2I46NYSaV_TyIXGWg-z1cq2oXFGGGq6n7zk",
    "expire_date": "2024-10-06T20:50:19.613Z"
  }
},
{
  "model": "sessions.session",
  "pk": "8n4fq4h30nbanlojhrq9w21b8qnewjd8",
  "fields": {
    "session_data": "eyJmYWNlYm9va19zdGF0ZSI6IlBZSnB6czNWVjhJUDhQbzNESXdKbnhYT1p1dHI4enZtIn0:1qajKM:aDmczQfhFLLQcQv4uqK_MqoyxLITsG-DRK5-QXhNeQI",
    "expire_date": "2023-09-11T20:59:14.648Z"
  }
},
{
  "model": "sessions.session",
  "pk": "8qevdj7boks38d2abair9i20kme7dwem",
  "fields": {
    "session_data": ".eJxVjMsOwiAQRf-FtSFQOjxcuvcbyMAMtmogKe3K-O_apAvd3nPOfYmI2zrFrfMSZxJnocXpd0uYH1x3QHestyZzq-syJ7kr8qBdXhvx83K4fwcT9ulbIzoa1GAcwFhUIAjZ-9FY1qGgDWQAMBXHxBaYrHfKaRiMCVpjUInF-wPRJTdV:1sqvub:ic5DFywVJUrWRYIIMS_BFpVTIwRNo_MUMkkaliAi0nE",
    "expire_date": "2024-10-02T14:44:09.481Z"
  }
},
{
  "model": "sessions.session",
  "pk": "8sloupd18ffnqymy0twgqooavhro09i9",
  "fields": {
    "session_data": ".eJxVjMsOwiAQRf-FtSFQOjxcuvcbyMAMtmogKe3K-O_apAvd3nPOfYmI2zrFrfMSZxJnocXpd0uYH1x3QHestyZzq-syJ7kr8qBdXhvx83K4fwcT9ulbIzoa1GAcwFhUIAjZ-9FY1qGgDWQAMBXHxBaYrHfKaRiMCVpjUInF-wPRJTdV:1sqw4k:pwKHDSvDfypF59E18lI4WTnoy49zNSZ5PD5ieLnujs0",
    "expire_date": "2024-10-02T14:54:38.520Z"
  }
},
{
  "model": "sessions.session",
  "pk": "9kq7seon1okhoeezv5uzroupo8khkpj4",
  "fields": {
    "session_data": ".eJxVjMsOwiAQRf-FtSFQOjxcuvcbyMAMtmogKe3K-O_apAvd3nPOfYmI2zrFrfMSZxJnocXpd0uYH1x3QHestyZzq-syJ7kr8qBdXhvx83K4fwcT9ulbIzoa1GAcwFhUIAjZ-9FY1qGgDWQAMBXHxBaYrHfKaRiMCVpjUInF-wPRJTdV:1st9vU:-fNcdYdn4NpthIINxhec9aKKkhiXkzwqfHaulEX3jz0",
    "expire_date": "2024-10-08T18:06:16.878Z"
  }
},
{
  "model": "sessions.session",
  "pk": "9sl6x4zw0mibp1akxh9y3oy4t1mjnuvt",
  "fields": {
    "session_data": ".eJxVjMsOwiAQRf-FtSFQOjxcuvcbyMAMtmogKe3K-O_apAvd3nPOfYmI2zrFrfMSZxJnocXpd0uYH1x3QHestyZzq-syJ7kr8qBdXhvx83K4fwcT9ulbIzoa1GAcwFhUIAjZ-9FY1qGgDWQAMBXHxBaYrHfKaRiMCVpjUInF-wPRJTdV:1qVdem:jAhjaAMWXvGViYFtn4RDfkCPZv8AZ0Tfu3md1vOXGVk",
    "expire_date": "2023-08-28T19:55:16.390Z"
  }
},
{
  "model": "sessions.session",
  "pk": "aum0z7tzvqaru2n7zf6hm3jv5ynqadaa",
  "fields": {
    "session_data": "eyJmYWNlYm9va19zdGF0ZSI6IkE4Q1JmWDNLZjZFVzRxMnhiWkpaZjlKTkVNMnhuZmFmIn0:1qajJ3:Jao7U62cUw4K-X11aDAThXg05EP3_wmhqDrIsW3w-Is",
    "expire_date": "2023-09-11T20:57:53.146Z"
  }
},
{
  "model": "sessions.session",
  "pk": "axo3peum2gujfu2ppbql8eojw2g035tm",
  "fields": {
    "session_data": ".eJxVjMsOwiAQRf-FtSFQOjxcuvcbyMAMtmogKe3K-O_apAvd3nPOfYmI2zrFrfMSZxJnocXpd0uYH1x3QHestyZzq-syJ7kr8qBdXhvx83K4fwcT9ulbIzoa1GAcwFhUIAjZ-9FY1qGgDWQAMBXHxBaYrHfKaRiMCVpjUInF-wPRJTdV:1srndl:BnNYK9Z2jSwLC8k9rSonIaIbk09aoxQlvuMmtGX83pI",
    "expire_date": "2024-10-05T00:06:21.877Z"
  }
},
{
  "model": "sessions.session",
  "pk": "cg80o6j1pr6g80av7x2bjzhrxd2kjiel",
  "fields": {
    "session_data": ".eJxVjMsOwiAQRf-FtSFQOjxcuvcbyMAMtmogKe3K-O_apAvd3nPOfYmI2zrFrfMSZxJnocXpd0uYH1x3QHestyZzq-syJ7kr8qBdXhvx83K4fwcT9ulbIzoa1GAcwFhUIAjZ-9FY1qGgDWQAMBXHxBaYrHfKaRiMCVpjUInF-wPRJTdV:1qai69:uxRuEzCkPODgvShEhp8jI9YX6pXA_ZerjjVapi8KJys",
    "expire_date": "2023-09-11T19:40:29.221Z"
  }
},
{
  "model": "sessions.session",
  "pk": "cta896r3liqpza4anvix7fe6ynikh8tu",
  "fields": {
    "session_data": ".eJxVjMsOwiAQRf-FtSFQOjxcuvcbyMAMtmogKe3K-O_apAvd3nPOfYmI2zrFrfMSZxJnocXpd0uYH1x3QHestyZzq-syJ7kr8qBdXhvx83K4fwcT9ulbIzoa1GAcwFhUIAjZ-9FY1qGgDWQAMBXHxBaYrHfKaRiMCVpjUInF-wPRJTdV:1ssrLW:nb0ySGIwMI_cuhmtMaz9s_eiVPobM9MJBA40x0DvweQ",
    "expire_date": "2024-10-07T22:15:54.748Z"
  }
},
{
  "model": "sessions.session",
  "pk": "d9uxfj4pbhd5vb1jq1628mle8y2obxib",
  "fields": {
    "session_data": ".eJxVjMsOwiAQRf-FtSFQOjxcuvcbyMAMtmogKe3K-O_apAvd3nPOfYmI2zrFrfMSZxJnocXpd0uYH1x3QHestyZzq-syJ7kr8qBdXhvx83K4fwcT9ulbIzoa1GAcwFhUIAjZ-9FY1qGgDWQAMBXHxBaYrHfKaRiMCVpjUInF-wPRJTdV:1qaxVe:TVK5XYRDLQH9QOw2julRffXkgpmHnQ_6DaZ0UU8ar5c",
    "expire_date": "2023-09-12T12:07:50.711Z"
  }
},
{
  "model": "sessions.session",
  "pk": "ethqxa6d5gcy8gegh19p781hdgpnxd1s",
  "fields": {
    "session_data": ".eJxVjMsOwiAQRf-FtSFQOjxcuvcbyMAMtmogKe3K-O_apAvd3nPOfYmI2zrFrfMSZxJnocXpd0uYH1x3QHestyZzq-syJ7kr8qBdXhvx83K4fwcT9ulbIzoa1GAcwFhUIAjZ-9FY1qGgDWQAMBXHxBaYrHfKaRiMCVpjUInF-wPRJTdV:1srFlj:aZow_o_Ouxo9URhaOgjUVELAjQYmgWF9GazPMU-Wros",
    "expire_date": "2024-10-03T11:56:19.171Z"
  }
},
{
  "model": "sessions.session",
  "pk": "f9xyojm4qy2trk08x7hg7vv6dmqd79hh",
  "fields": {
    "session_data": ".eJxVjMsOwiAQRf-FtSFQOjxcuvcbyMAMtmogKe3K-O_apAvd3nPOfYmI2zrFrfMSZxJnocXpd0uYH1x3QHestyZzq-syJ7kr8qBdXhvx83K4fwcT9ulbIzoa1GAcwFhUIAjZ-9FY1qGgDWQAMBXHxBaYrHfKaRiMCVpjUInF-wPRJTdV:1ssrSG:L_hQXkIfEIz3ZyhiRS9pveGzlardI-YAtgV6FUCMcy4",
    "expire_date": "2024-10-07T22:22:52.972Z"
  }
},
{
  "model": "sessions.session",
  "pk": "fyv3ob20am1mnhqu5uaecrevcfdwnt6h",
  "fields": {
    "session_data": ".eJxVjMsOwiAQRf-FtSFQOjxcuvcbyMAMtmogKe3K-O_apAvd3nPOfYmI2zrFrfMSZxJnocXpd0uYH1x3QHestyZzq-syJ7kr8qBdXhvx83K4fwcT9ulbIzoa1GAcwFhUIAjZ-9FY1qGgDWQAMBXHxBaYrHfKaRiMCVpjUInF-wPRJTdV:1ss3Q8:JXz4c0emItX3Q_uXKT7ed7L9y_1cfOOwsO9TOPjHWv8",
    "expire_date": "2024-10-05T16:57:20.331Z"
  }
},
{
  "model": "sessions.session",
  "pk": "g8esmnl5rauep9r66qbtng0hf99ka58n",
  "fields": {
    "session_data": ".eJxVjMsOwiAQRf-FtSFQOjxcuvcbyMAMtmogKe3K-O_apAvd3nPOfYmI2zrFrfMSZxJnocXpd0uYH1x3QHestyZzq-syJ7kr8qBdXhvx83K4fwcT9ulbIzoa1GAcwFhUIAjZ-9FY1qGgDWQAMBXHxBaYrHfKaRiMCVpjUInF-wPRJTdV:1srJpl:cyduo9BkTGpAAn9NOyy6M9SifryIhsUQDvlIteIvFEQ",
    "expire_date": "2024-10-03T16:16:45.072Z"
  }
},
{
  "model": "sessions.session",
  "pk": "glr1hpzvegrbx8tmf4mq5ylxxmvrwufa",
  "fields": {
    "session_data": "eyJnb29nbGUtb2F1dGgyX3N0YXRlIjoiUzVwQUhrR1hreWNzUWxCbThNbUMzc0t1MWVEbGZKMTAifQ:1r88Ip:FAnO0aE7XIx4yFxm4hkg8YPgwrZ9nYz6Jl90mmEMZMY",
    "expire_date": "2023-12-13T00:19:43.046Z"
  }
},
{
  "model": "sessions.session",
  "pk": "hbe960jbx134pyjw82jnuih1phs6qbj0",
  "fields": {
    "session_data": "eyJmYWNlYm9va19zdGF0ZSI6IlZWVTVtN2lETk1mZWxiMHp4OHFpRWoyWHdYdzFXajRqIn0:1qajqL:rLqyGb44C8Y6DFMXIK9bhwzJJK-o1Jmam4eiAhgvzoo",
    "expire_date": "2023-09-11T21:32:17.402Z"
  }
},
{
  "model": "sessions.session",
  "pk": "ho71t7mxl2cqvskdti7c99w8v4n7hkg9",
  "fields": {
    "session_data": ".eJxVjDsOwyAQRO9CHSG-BlKm9xnQ7oKDkwgkY1dR7h5bcpF0o3lv5s0ibGuJW89LnBO7MsUuvx0CPXM9QHpAvTdOra7LjPxQ-Ek7H1vKr9vp_h0U6GVfW5SUB08miGnQXgT02SIFZ8yenEXjk1YCHEihDQmS1k4hoM4KEJ1jny_Zpzeo:1qUCvs:eQaE6pHnbI9CDveeuMwbn1vNwRxN_Ptv4fwgKCO3V_8",
    "expire_date": "2023-08-24T21:11:00.481Z"
  }
},
{
  "model": "sessions.session",
  "pk": "hzvjn0fgdhun974iwkzdrxs1sq0dfekq",
  "fields": {
    "session_data": ".eJxVjLEKwjAURf8ls5SkaZI-R6EOgktxcCsvfS-2RhtpIwjiv6vg4nrPOfcpAvbsU4rdkjGzWIsTPqKD2_GowqFpYsZdm1tQMG2vdtxHEivR4T0P3X3huRvpk6j_zWMfefoCOuN0SkWfpjyPvvgqxY8uxT4RXzY_9-9gwGX41IiOSllqZ0wVJJCBvq4rbVlBQAukjUEfHBNbw2RrJ50ypdagFIL0LF5vZvpIzg:1qax9P:OKXfD5Me_gLl38GdaU7N9zzbBdUKK1swy-5xsWixuU0",
    "expire_date": "2023-09-12T11:44:51.158Z"
  }
},
{
  "model": "sessions.session",
  "pk": "kcas8a81ip0gfuv3f3n6ak6kkmlz64r5",
  "fields": {
    "session_data": ".eJxVjEEOwiAQRe_C2hBoB5i6dO8ZyMAMUjVtUtqV8e7apAvd_vfef6lI21rj1mSJI6uz6tTpd0uUHzLtgO803Wad52ldxqR3RR-06evM8rwc7t9BpVa_tRtST8BmsN4AeswIaB1LHwoYY6EAIg-EkjtEH4jABvEcTBLIroh6fwC6PDdc:1qaMWN:k0804WHaabf68iF7hwcD1LOTOsP_n6VJpnQ9xflYH_k",
    "expire_date": "2023-09-10T20:38:07.462Z"
  }
},
{
  "model": "sessions.session",
  "pk": "keklgh2z3fvc1so5uwsapus8134mcpz7",
  "fields": {
    "session_data": ".eJxVjMsOwiAQRf-FtSG8BqhL934DGWCQqoGktCvjv2uTLnR7zzn3xQJuaw3boCXMmZ0ZsNPvFjE9qO0g37HdOk-9rcsc-a7wgw5-7Zmel8P9O6g46reWSaM2YD0ZSskDWanBuSykQg3GOe-SnBSh9iaqUpQrkygiKy_QRgXs_QHHwjcX:1qVfmv:77Q8ucnC6foc0glGjV-9wZiGbF-eXtJ7VDjcuNkFbqM",
    "expire_date": "2023-08-28T22:11:49.550Z"
  }
},
{
  "model": "sessions.session",
  "pk": "l97svyduw4ij8assdz4vybo8in02jht4",
  "fields": {
    "session_data": ".eJxVjMsOwiAQRf-FtSFQOjxcuvcbyMAMtmogKe3K-O_apAvd3nPOfYmI2zrFrfMSZxJnocXpd0uYH1x3QHestyZzq-syJ7kr8qBdXhvx83K4fwcT9ulbIzoa1GAcwFhUIAjZ-9FY1qGgDWQAMBXHxBaYrHfKaRiMCVpjUInF-wPRJTdV:1qaxKM:Rc8DYs5yXtamzp436ca9kHTXZauWy3oyXeBZox19MNo",
    "expire_date": "2023-09-12T11:56:10.649Z"
  }
},
{
  "model": "sessions.session",
  "pk": "lhil7dcwh3mlgxwiqllgkb2gu5y0d0hp",
  "fields": {
    "session_data": ".eJxVkMsKwjAQRf8lay1NmsbGnSKIILhQxF2YvNpibLRpFRX_3VZd2NXAHc65wzxR7n3uzNhD2xREhAYag6Zoq_bJ9rBbXHixX82tvKr7WT_46XZwN76-PtAIiZ4QbTC1KHWHYDwMJaijqfpN8KoEJ5SvTfRLQ_TtjZafsZn17UO-gFD0WqptSikxCbMMYk0n1ioax9KAJmAl5ZJRzNPMKIgZwRIzQigAB5UkaQad9Nf_UTsIjXA-L6u_Awc_QK834ZxeFw:1r88Zm:5o4-6ykXR7K9taRJ8G-cDuqRcXq0pQOcU_sX8GSpvAw",
    "expire_date": "2023-12-13T00:37:14.045Z"
  }
},
{
  "model": "sessions.session",
  "pk": "nolekf4c1gmg6yqcnii1n64e1vi6qcel",
  "fields": {
    "session_data": ".eJxVjMsOwiAQRf-FtSFQOjxcuvcbyMAMtmogKe3K-O_apAvd3nPOfYmI2zrFrfMSZxJnocXpd0uYH1x3QHestyZzq-syJ7kr8qBdXhvx83K4fwcT9ulbIzoa1GAcwFhUIAjZ-9FY1qGgDWQAMBXHxBaYrHfKaRiMCVpjUInF-wPRJTdV:1ss3hJ:k6xnVmX7jaDCaeXzWB52OM50fPZsqtXiVUGUi3EM7iY",
    "expire_date": "2024-10-05T17:15:05.156Z"
  }
},
{
  "model": "sessions.session",
  "pk": "nqm8w26vzc9woh4l2uzuxf3f0qtvgllf",
  "fields": {
    "session_data": ".eJxVjDsOwjAQBe_iGln-JjYlPWewdrNrHEC2FCcV4u4QKQW0b2beSyTY1pK2zkuaSZyFNuL0OyJMD647oTvUW5NTq-syo9wVedAur434eTncv4MCvXxr5ZkQcnRoQSOxCRwNZ87B2BGQ2UZj8-CiC2EkUtqx014FBuO9GrR4fwAvxTg4:1ssrgc:ULgS62Y9T5r9LYsq51JGDraEMcF6RG2xE9Bta7DTi3A",
    "expire_date": "2024-10-07T22:37:42.299Z"
  }
},
{
  "model": "sessions.session",
  "pk": "nz4tf9kass0dbjyl7ns7ppn2b5lh30cm",
  "fields": {
    "session_data": ".eJxVjL0OgjAURt-ls5KWUto6krhoTHQycSG39FL-pIaCiRrfXUlYWL9zzvchznvX4dbDNFZxHkYYkeyIO1-vl-dr_w5UnTvV3poJzfPeHwwKeGRHsiH5XORTwCGv7T9h681A0WI_A9tA73xU-H4cahPNSrTQEJ28xS5b3NVBBaH61wDSxjTmUoikpNoKXSiV8BSZLiHVlgsBppRoMRVoUyWpZCLmXDMGmhok3x-E_EtT:1qco9W:N2ie7quLJijuAQuRV8TVA31Duqm8b2t1teE8hllLd8U",
    "expire_date": "2023-09-17T14:32:38.423Z"
  }
},
{
  "model": "sessions.session",
  "pk": "q12jm4xw5iu4ldwvo4exmonjg1lk9xpx",
  "fields": {
    "session_data": ".eJxVjMkOgjAURf-layW0pZS600CUhcPCaOKGvPIegxqaMBij8d-FxI3be865b1Y6V95p7mDoK5F1PfTEFmyfLNebIN48DVQnYe15d9HHAz4Snp5SHr_YjGVTkQ0dtVmNY8L_Nwv5jZoJ4BWa0nm5a_q2tt6keD_aeVuHdF_93L-DCrpqrAE0Cl9IrVRQ-AaVyaMokCFxU0BoUCoFttCEFCrCMNK-5kpIaTgH41tiny9JJEmr:1srQTp:Xgq6uhwc7QzFDkETy3GLFW85wibB_rHFKH8t67zvCU4",
    "expire_date": "2024-10-03T23:22:33.652Z"
  }
},
{
  "model": "sessions.session",
  "pk": "r1o3qtdn36oqryscdtgoj3ugpzr54kqb",
  "fields": {
    "session_data": ".eJxVjMsOwiAQRf-FtSFQOjxcuvcbyMAMtmogKe3K-O_apAvd3nPOfYmI2zrFrfMSZxJnocXpd0uYH1x3QHestyZzq-syJ7kr8qBdXhvx83K4fwcT9ulbIzoa1GAcwFhUIAjZ-9FY1qGgDWQAMBXHxBaYrHfKaRiMCVpjUInF-wPRJTdV:1sr3aS:M--74fUfw4342hgGmHilxqIQFc8jAQWg6My4NGY_ITU",
    "expire_date": "2024-10-02T22:55:52.448Z"
  }
},
{
  "model": "sessions.session",
  "pk": "rtlfq5r8tihn6su0zcut43xhwda10gri",
  "fields": {
    "session_data": "e30:1qUCEI:5whGoT9dWKZPFr-eTX7lDjC7iJBsgdtFF8dTNKYpX50",
    "expire_date": "2023-08-24T20:25:58.469Z"
  }
},
{
  "model": "sessions.session",
  "pk": "ryr8uj9sboygibyhlzcqs52fus9yg18d",
  "fields": {
    "session_data": ".eJxVjMsOwiAQRf-FtSFQOjxcuvcbyMAMtmogKe3K-O_apAvd3nPOfYmI2zrFrfMSZxJnocXpd0uYH1x3QHestyZzq-syJ7kr8qBdXhvx83K4fwcT9ulbIzoa1GAcwFhUIAjZ-9FY1qGgDWQAMBXHxBaYrHfKaRiMCVpjUInF-wPRJTdV:1sqvQY:xfDZYguPHlheJRMrqecuyRjAkQaRGog6u7HETQKKRcQ",
    "expire_date": "2024-10-02T14:13:06.493Z"
  }
},
{
  "model": "sessions.session",
  "pk": "ss4wyekbnfs2j3su04xwto54alwgia6q",
  "fields": {
    "session_data": ".eJxVjEEOwiAQRe_C2hAKZQZcuu8ZyDCgVA0kpV0Z765NutDtf-_9lwi0rSVsPS9hTuIsRnH63SLxI9cdpDvVW5Pc6rrMUe6KPGiXU0v5eTncv4NCvXxrRQaci2h5MBo8e8vOG8QMefSM2l4dgMfIBAYIhmyURhUxGcfokxbvD7tmNt0:1ssrTk:z0GvsGlfbjZRZDzkSc-Rqrjqe3Y5oFvJG1wpK99DNY8",
    "expire_date": "2024-10-07T22:24:24.179Z"
  }
},
{
  "model": "sessions.session",
  "pk": "uh1xr147y60y5yzlnbacmmce6viappjd",
  "fields": {
    "session_data": "eyJmYWNlYm9va19zdGF0ZSI6IjdDdXJrOGpFTkZWaklwNlZDMzVScmJnODBzZG53bTlNIn0:1qajNo:tF-gt3VnzkootJOtgsPgDnaOyKtWvbZn9KouD1OTsi8",
    "expire_date": "2023-09-11T21:02:48.957Z"
  }
},
{
  "model": "sessions.session",
  "pk": "up1tiecnfdxqoaka5i8m4bhj24m08aza",
  "fields": {
    "session_data": ".eJxVjMsOwiAQRf-FtSFQOjxcuvcbyMAMtmogKe3K-O_apAvd3nPOfYmI2zrFrfMSZxJnocXpd0uYH1x3QHestyZzq-syJ7kr8qBdXhvx83K4fwcT9ulbIzoa1GAcwFhUIAjZ-9FY1qGgDWQAMBXHxBaYrHfKaRiMCVpjUInF-wPRJTdV:1sqvwl:VT3TrwwEDuj5ZVQwQqoaIwG5CQBnfiosK-Qnx7hzv6M",
    "expire_date": "2024-10-02T14:46:23.313Z"
  }
},
{
  "model": "sessions.session",
  "pk": "vexjntwzru5p7hwovq24883f4fqv65rx",
  "fields": {
    "session_data": ".eJxVjMsOwiAQRf-FtSFQOjxcuvcbyMAMtmogKe3K-O_apAvd3nPOfYmI2zrFrfMSZxJnocXpd0uYH1x3QHestyZzq-syJ7kr8qBdXhvx83K4fwcT9ulbIzoa1GAcwFhUIAjZ-9FY1qGgDWQAMBXHxBaYrHfKaRiMCVpjUInF-wPRJTdV:1qahmR:IFfmQYGok5P5GtJXSwxJP4O8KP2ju56v_QOteVWjKdI",
    "expire_date": "2023-09-11T19:20:07.488Z"
  }
},
{
  "model": "sessions.session",
  "pk": "w737nu7en8a1l4i4uwbx9ijm3mwwvkhq",
  "fields": {
    "session_data": ".eJxVjMsOwiAQRf-FtSFQOjxcuvcbyMAMtmogKe3K-O_apAvd3nPOfYmI2zrFrfMSZxJnocXpd0uYH1x3QHestyZzq-syJ7kr8qBdXhvx83K4fwcT9ulbIzoa1GAcwFhUIAjZ-9FY1qGgDWQAMBXHxBaYrHfKaRiMCVpjUInF-wPRJTdV:1qai7m:tBBVSc-5x7wZZPh50cMzJZo-NzHdeBC1wggl4Bh6h8g",
    "expire_date": "2023-09-11T19:42:10.268Z"
  }
},
{
  "model": "sessions.session",
  "pk": "xtd8utxox92gmn8izfmojsdiso52v5m9",
  "fields": {
    "session_data": ".eJxVjMsOwiAQRf-FtSFQOjxcuvcbyMAMtmogKe3K-O_apAvd3nPOfYmI2zrFrfMSZxJnocXpd0uYH1x3QHestyZzq-syJ7kr8qBdXhvx83K4fwcT9ulbIzoa1GAcwFhUIAjZ-9FY1qGgDWQAMBXHxBaYrHfKaRiMCVpjUInF-wPRJTdV:1rHPW8:2S39JwqD6h4TmhQdLLKxYi1y2vPwYFwsgkymQvFw2DA",
    "expire_date": "2024-01-07T14:31:48.718Z"
  }
},
{
  "model": "sessions.session",
  "pk": "zsioqgnu9ufidm9gvj3nuwjsjxe3xaa2",
  "fields": {
    "session_data": ".eJxVjMsOwiAQRf-FtSFQOjxcuvcbyMAMtmogKe3K-O_apAvd3nPOfYmI2zrFrfMSZxJnocXpd0uYH1x3QHestyZzq-syJ7kr8qBdXhvx83K4fwcT9ulbIzoa1GAcwFhUIAjZ-9FY1qGgDWQAMBXHxBaYrHfKaRiMCVpjUInF-wPRJTdV:1qaxhc:qSLh19Pa06pPfw4W7whak8_6ZX-QO1sHvXFOkZRawNU",
    "expire_date": "2023-09-12T12:20:12.579Z"
  }
},
{
  "model": "easy_thumbnails.source",
  "pk": 1,
  "fields": {
    "storage_hash": "0d677af76ca5bf5575d614e04932c3a4",
    "name": "images/2024/09/18/django-and-duke.jpg",
    "modified": "2024-09-23T22:24:24.231Z"
  }
},
{
  "model": "easy_thumbnails.source",
  "pk": 2,
  "fields": {
    "storage_hash": "0d677af76ca5bf5575d614e04932c3a4",
    "name": "images/2024/09/18/django-and-duke_6mpgP4J.jpg",
    "modified": "2024-09-19T15:54:45.459Z"
  }
},
{
  "model": "easy_thumbnails.source",
  "pk": 3,
  "fields": {
    "storage_hash": "0d677af76ca5bf5575d614e04932c3a4",
    "name": "images/2024/09/18/wikimedia-commons.jpg",
    "modified": "2024-09-19T15:54:45.473Z"
  }
},
{
  "model": "easy_thumbnails.source",
  "pk": 4,
  "fields": {
    "storage_hash": "0d677af76ca5bf5575d614e04932c3a4",
    "name": "images/2024/09/18/winona-ryder.jpg",
    "modified": "2024-09-24T18:12:17.933Z"
  }
},
{
  "model": "easy_thumbnails.source",
  "pk": 5,
  "fields": {
    "storage_hash": "0d677af76ca5bf5575d614e04932c3a4",
    "name": "images/2024/09/18/bh-bike_Gp6Osm1.jpg",
    "modified": "2024-09-24T18:12:17.945Z"
  }
},
{
  "model": "easy_thumbnails.source",
  "pk": 6,
  "fields": {
    "storage_hash": "0d677af76ca5bf5575d614e04932c3a4",
    "name": "images/2024/09/18/maillot-ml-giant-factory-off-road-team-legends-edition-giant-bicycles-espana.jpg",
    "modified": "2024-09-24T18:12:17.921Z"
  }
},
{
  "model": "easy_thumbnails.source",
  "pk": 7,
  "fields": {
    "storage_hash": "0d677af76ca5bf5575d614e04932c3a4",
    "name": "images/2024/09/18/sportbike.jpg",
    "modified": "2024-09-19T15:54:45.559Z"
  }
},
{
  "model": "easy_thumbnails.source",
  "pk": 8,
  "fields": {
    "storage_hash": "0d677af76ca5bf5575d614e04932c3a4",
    "name": "images/2024/09/18/sport-bike.jpg",
    "modified": "2024-09-22T20:09:07.207Z"
  }
},
{
  "model": "easy_thumbnails.source",
  "pk": 9,
  "fields": {
    "storage_hash": "0d677af76ca5bf5575d614e04932c3a4",
    "name": "images/2024/09/19/stockcake-captivating-free-images-for-every-occasion.jpg",
    "modified": "2024-09-19T15:54:45.426Z"
  }
},
{
  "model": "easy_thumbnails.source",
  "pk": 10,
  "fields": {
    "storage_hash": "0d677af76ca5bf5575d614e04932c3a4",
    "name": "images/2024/09/19/stockcake-captivating-free-images-for-every-occasion_3XPDB8X.jpg",
    "modified": "2024-09-19T16:15:07.656Z"
  }
},
{
  "model": "easy_thumbnails.source",
  "pk": 11,
  "fields": {
    "storage_hash": "0d677af76ca5bf5575d614e04932c3a4",
    "name": "images/2024/09/19/free-city-life-images-download-at-stockcake.jpg",
    "modified": "2024-09-19T16:17:55.789Z"
  }
},
{
  "model": "easy_thumbnails.source",
  "pk": 12,
  "fields": {
    "storage_hash": "0d677af76ca5bf5575d614e04932c3a4",
    "name": "images/2024/09/19/free-city-life-images-download-at-stockcake_0S3f0I0.jpg",
    "modified": "2024-09-23T22:44:24.787Z"
  }
},
{
  "model": "easy_thumbnails.source",
  "pk": 13,
  "fields": {
    "storage_hash": "0d677af76ca5bf5575d614e04932c3a4",
    "name": "images/2024/09/19/free-serene-images-download-at-stockcake.jpg",
    "modified": "2024-09-22T20:27:28.453Z"
  }
},
{
  "model": "easy_thumbnails.source",
  "pk": 14,
  "fields": {
    "storage_hash": "0d677af76ca5bf5575d614e04932c3a4",
    "name": "images/2024/09/19/free-serene-images-download-at-stockcake_7TTo89z.jpg",
    "modified": "2024-09-22T20:27:28.504Z"
  }
},
{
  "model": "easy_thumbnails.source",
  "pk": 15,
  "fields": {
    "storage_hash": "0d677af76ca5bf5575d614e04932c3a4",
    "name": "images/2024/09/19/free-serene-images-download-at-stockcake_tjQejyl.jpg",
    "modified": "2024-09-22T20:27:28.556Z"
  }
},
{
  "model": "easy_thumbnails.source",
  "pk": 16,
  "fields": {
    "storage_hash": "0d677af76ca5bf5575d614e04932c3a4",
    "name": "images/2024/09/19/free-serene-images-download-at-stockcake_ZBiScYm.jpg",
    "modified": "2024-09-24T18:12:17.957Z"
  }
},
{
  "model": "easy_thumbnails.source",
  "pk": 17,
  "fields": {
    "storage_hash": "0d677af76ca5bf5575d614e04932c3a4",
    "name": "images/2024/09/19/free-serene-images-download-at-stockcake_u84FRAD.jpg",
    "modified": "2024-09-21T19:11:35.622Z"
  }
},
{
  "model": "easy_thumbnails.source",
  "pk": 18,
  "fields": {
    "storage_hash": "0d677af76ca5bf5575d614e04932c3a4",
    "name": "images/2024/09/19/free-serene-images-download-at-stockcake_XF2lneF.jpg",
    "modified": "2024-09-21T19:11:35.638Z"
  }
},
{
  "model": "easy_thumbnails.source",
  "pk": 19,
  "fields": {
    "storage_hash": "0d677af76ca5bf5575d614e04932c3a4",
    "name": "images/2024/09/19/free-books-images-download-at-stockcake.jpg",
    "modified": "2024-09-21T19:11:35.652Z"
  }
},
{
  "model": "easy_thumbnails.source",
  "pk": 20,
  "fields": {
    "storage_hash": "0d677af76ca5bf5575d614e04932c3a4",
    "name": "images/2024/09/19/free-books-images-download-at-stockcake_NWILS8K.jpg",
    "modified": "2024-09-24T18:12:17.909Z"
  }
},
{
  "model": "easy_thumbnails.source",
  "pk": 21,
  "fields": {
    "storage_hash": "0d677af76ca5bf5575d614e04932c3a4",
    "name": "images/2024/09/19/free-books-images-download-at-stockcake_dfVq6Hw.jpg",
    "modified": "2024-09-21T19:11:45.523Z"
  }
},
{
  "model": "easy_thumbnails.source",
  "pk": 22,
  "fields": {
    "storage_hash": "0d677af76ca5bf5575d614e04932c3a4",
    "name": "users/2023/09/03/rand_man3.jpeg",
    "modified": "2024-09-22T19:11:40.355Z"
  }
},
{
  "model": "easy_thumbnails.source",
  "pk": 23,
  "fields": {
    "storage_hash": "0d677af76ca5bf5575d614e04932c3a4",
    "name": "users/2024/09/19/rand_man2_VRzlEZg.jpeg",
    "modified": "2024-09-22T19:53:50.505Z"
  }
},
{
  "model": "easy_thumbnails.source",
  "pk": 24,
  "fields": {
    "storage_hash": "0d677af76ca5bf5575d614e04932c3a4",
    "name": "users/2024/09/19/mrballen_6jkMgOu.png",
    "modified": "2024-09-22T20:47:28.682Z"
  }
},
{
  "model": "easy_thumbnails.source",
  "pk": 25,
  "fields": {
    "storage_hash": "0d677af76ca5bf5575d614e04932c3a4",
    "name": "users/2024/09/19/wom1_kGNrJJs.jpeg",
    "modified": "2024-09-22T20:00:51.574Z"
  }
},
{
  "model": "easy_thumbnails.source",
  "pk": 26,
  "fields": {
    "storage_hash": "0d677af76ca5bf5575d614e04932c3a4",
    "name": "users/2024/09/19/billybons_nPnkz29.png",
    "modified": "2024-09-21T16:57:23.542Z"
  }
},
{
  "model": "easy_thumbnails.source",
  "pk": 27,
  "fields": {
    "storage_hash": "0d677af76ca5bf5575d614e04932c3a4",
    "name": "images/2024/09/22/stockcake-captivating-free-images-for-every-occasion.jpg",
    "modified": "2024-09-22T20:50:19.670Z"
  }
},
{
  "model": "easy_thumbnails.source",
  "pk": 28,
  "fields": {
    "storage_hash": "0d677af76ca5bf5575d614e04932c3a4",
    "name": "images/2024/09/22/stockcake-captivating-free-images-for-every-occasion_lgdpoLE.jpg",
    "modified": "2024-09-22T20:27:27.544Z"
  }
},
{
  "model": "easy_thumbnails.source",
  "pk": 29,
  "fields": {
    "storage_hash": "0d677af76ca5bf5575d614e04932c3a4",
    "name": "users/2024/09/22/rand_man.jpeg",
    "modified": "2024-09-22T20:47:12.593Z"
  }
},
{
  "model": "easy_thumbnails.source",
  "pk": 30,
  "fields": {
    "storage_hash": "0d677af76ca5bf5575d614e04932c3a4",
    "name": "images/2024/09/22/stockcake-captivating-free-images-for-every-occasion_W6QOlH5.jpg",
    "modified": "2024-09-22T20:27:27.580Z"
  }
},
{
  "model": "easy_thumbnails.source",
  "pk": 31,
  "fields": {
    "storage_hash": "0d677af76ca5bf5575d614e04932c3a4",
    "name": "images/2024/09/22/free-stock-photos-royalty-free-stock-images-copyright-free-pictures-pexels.jpeg",
    "modified": "2024-09-22T20:27:27.614Z"
  }
},
{
  "model": "easy_thumbnails.source",
  "pk": 32,
  "fields": {
    "storage_hash": "0d677af76ca5bf5575d614e04932c3a4",
    "name": "users/2024/09/22/rand_man6.png",
    "modified": "2024-09-22T20:47:12.567Z"
  }
},
{
  "model": "easy_thumbnails.source",
  "pk": 33,
  "fields": {
    "storage_hash": "0d677af76ca5bf5575d614e04932c3a4",
    "name": "users/2024/09/22/leonardo.jpeg",
    "modified": "2024-09-22T20:47:12.582Z"
  }
},
{
  "model": "easy_thumbnails.source",
  "pk": 34,
  "fields": {
    "storage_hash": "0d677af76ca5bf5575d614e04932c3a4",
    "name": "images/2024/09/24/bird.jpg",
    "modified": "2024-09-23T22:41:44.559Z"
  }
},
{
  "model": "easy_thumbnails.thumbnail",
  "pk": 1,
  "fields": {
    "storage_hash": "0d677af76ca5bf5575d614e04932c3a4",
    "name": "images/2024/09/18/django-and-duke.jpg.300x300_q85_crop-smart.jpg",
    "modified": "2024-09-19T12:41:13.657Z",
    "source": 1
  }
},
{
  "model": "easy_thumbnails.thumbnail",
  "pk": 2,
  "fields": {
    "storage_hash": "0d677af76ca5bf5575d614e04932c3a4",
    "name": "images/2024/09/18/django-and-duke_6mpgP4J.jpg.300x300_q85_crop-smart.jpg",
    "modified": "2024-09-19T12:41:13.673Z",
    "source": 2
  }
},
{
  "model": "easy_thumbnails.thumbnail",
  "pk": 3,
  "fields": {
    "storage_hash": "0d677af76ca5bf5575d614e04932c3a4",
    "name": "images/2024/09/18/wikimedia-commons.jpg.300x300_q85_crop-smart.jpg",
    "modified": "2024-09-19T12:41:13.687Z",
    "source": 3
  }
},
{
  "model": "easy_thumbnails.thumbnail",
  "pk": 4,
  "fields": {
    "storage_hash": "0d677af76ca5bf5575d614e04932c3a4",
    "name": "images/2024/09/18/winona-ryder.jpg.300x300_q85_crop-smart.jpg",
    "modified": "2024-09-19T12:41:13.704Z",
    "source": 4
  }
},
{
  "model": "easy_thumbnails.thumbnail",
  "pk": 5,
  "fields": {
    "storage_hash": "0d677af76ca5bf5575d614e04932c3a4",
    "name": "images/2024/09/18/bh-bike_Gp6Osm1.jpg.300x300_q85_crop-smart.jpg",
    "modified": "2024-09-19T12:41:13.723Z",
    "source": 5
  }
},
{
  "model": "easy_thumbnails.thumbnail",
  "pk": 6,
  "fields": {
    "storage_hash": "0d677af76ca5bf5575d614e04932c3a4",
    "name": "images/2024/09/18/maillot-ml-giant-factory-off-road-team-legends-edition-giant-bicycles-espana.jpg.300x300_q85_crop-smart.jpg",
    "modified": "2024-09-19T12:41:13.741Z",
    "source": 6
  }
},
{
  "model": "easy_thumbnails.thumbnail",
  "pk": 7,
  "fields": {
    "storage_hash": "0d677af76ca5bf5575d614e04932c3a4",
    "name": "images/2024/09/18/sportbike.jpg.300x300_q85_crop-smart.jpg",
    "modified": "2024-09-19T12:41:13.772Z",
    "source": 7
  }
},
{
  "model": "easy_thumbnails.thumbnail",
  "pk": 8,
  "fields": {
    "storage_hash": "0d677af76ca5bf5575d614e04932c3a4",
    "name": "images/2024/09/18/sport-bike.jpg.300x300_q85_crop-smart.jpg",
    "modified": "2024-09-19T12:41:13.802Z",
    "source": 8
  }
},
{
  "model": "easy_thumbnails.thumbnail",
  "pk": 9,
  "fields": {
    "storage_hash": "0d677af76ca5bf5575d614e04932c3a4",
    "name": "images/2024/09/18/django-and-duke.jpg.300x300_q85.jpg",
    "modified": "2024-09-19T12:46:12.610Z",
    "source": 1
  }
},
{
  "model": "easy_thumbnails.thumbnail",
  "pk": 10,
  "fields": {
    "storage_hash": "0d677af76ca5bf5575d614e04932c3a4",
    "name": "images/2024/09/18/django-and-duke_6mpgP4J.jpg.300x300_q85.jpg",
    "modified": "2024-09-19T12:46:12.625Z",
    "source": 2
  }
},
{
  "model": "easy_thumbnails.thumbnail",
  "pk": 11,
  "fields": {
    "storage_hash": "0d677af76ca5bf5575d614e04932c3a4",
    "name": "images/2024/09/18/wikimedia-commons.jpg.300x300_q85.jpg",
    "modified": "2024-09-19T12:46:12.642Z",
    "source": 3
  }
},
{
  "model": "easy_thumbnails.thumbnail",
  "pk": 12,
  "fields": {
    "storage_hash": "0d677af76ca5bf5575d614e04932c3a4",
    "name": "images/2024/09/18/winona-ryder.jpg.300x300_q85.jpg",
    "modified": "2024-09-19T12:46:12.661Z",
    "source": 4
  }
},
{
  "model": "easy_thumbnails.thumbnail",
  "pk": 13,
  "fields": {
    "storage_hash": "0d677af76ca5bf5575d614e04932c3a4",
    "name": "images/2024/09/18/bh-bike_Gp6Osm1.jpg.300x300_q85.jpg",
    "modified": "2024-09-19T12:46:12.678Z",
    "source": 5
  }
},
{
  "model": "easy_thumbnails.thumbnail",
  "pk": 14,
  "fields": {
    "storage_hash": "0d677af76ca5bf5575d614e04932c3a4",
    "name": "images/2024/09/18/maillot-ml-giant-factory-off-road-team-legends-edition-giant-bicycles-espana.jpg.300x300_q85.jpg",
    "modified": "2024-09-19T12:46:12.692Z",
    "source": 6
  }
},
{
  "model": "easy_thumbnails.thumbnail",
  "pk": 15,
  "fields": {
    "storage_hash": "0d677af76ca5bf5575d614e04932c3a4",
    "name": "images/2024/09/18/sportbike.jpg.300x300_q85.jpg",
    "modified": "2024-09-19T12:46:12.725Z",
    "source": 7
  }
},
{
  "model": "easy_thumbnails.thumbnail",
  "pk": 16,
  "fields": {
    "storage_hash": "0d677af76ca5bf5575d614e04932c3a4",
    "name": "images/2024/09/18/sport-bike.jpg.300x300_q85.jpg",
    "modified": "2024-09-19T12:46:12.752Z",
    "source": 8
  }
},
{
  "model": "easy_thumbnails.thumbnail",
  "pk": 17,
  "fields": {
    "storage_hash": "0d677af76ca5bf5575d614e04932c3a4",
    "name": "images/2024/09/18/django-and-duke.jpg.200x200_q85.jpg",
    "modified": "2024-09-19T12:46:26.568Z",
    "source": 1
  }
},
{
  "model": "easy_thumbnails.thumbnail",
  "pk": 18,
  "fields": {
    "storage_hash": "0d677af76ca5bf5575d614e04932c3a4",
    "name": "images/2024/09/18/django-and-duke_6mpgP4J.jpg.200x200_q85.jpg",
    "modified": "2024-09-19T12:46:26.583Z",
    "source": 2
  }
},
{
  "model": "easy_thumbnails.thumbnail",
  "pk": 19,
  "fields": {
    "storage_hash": "0d677af76ca5bf5575d614e04932c3a4",
    "name": "images/2024/09/18/wikimedia-commons.jpg.200x200_q85.jpg",
    "modified": "2024-09-19T12:46:26.594Z",
    "source": 3
  }
},
{
  "model": "easy_thumbnails.thumbnail",
  "pk": 20,
  "fields": {
    "storage_hash": "0d677af76ca5bf5575d614e04932c3a4",
    "name": "images/2024/09/18/winona-ryder.jpg.200x200_q85.jpg",
    "modified": "2024-09-19T12:46:26.607Z",
    "source": 4
  }
},
{
  "model": "easy_thumbnails.thumbnail",
  "pk": 21,
  "fields": {
    "storage_hash": "0d677af76ca5bf5575d614e04932c3a4",
    "name": "images/2024/09/18/bh-bike_Gp6Osm1.jpg.200x200_q85.jpg",
    "modified": "2024-09-19T12:46:26.620Z",
    "source": 5
  }
},
{
  "model": "easy_thumbnails.thumbnail",
  "pk": 22,
  "fields": {
    "storage_hash": "0d677af76ca5bf5575d614e04932c3a4",
    "name": "images/2024/09/18/maillot-ml-giant-factory-off-road-team-legends-edition-giant-bicycles-espana.jpg.200x200_q85.jpg",
    "modified": "2024-09-19T12:46:26.631Z",
    "source": 6
  }
},
{
  "model": "easy_thumbnails.thumbnail",
  "pk": 23,
  "fields": {
    "storage_hash": "0d677af76ca5bf5575d614e04932c3a4",
    "name": "images/2024/09/18/sportbike.jpg.200x200_q85.jpg",
    "modified": "2024-09-19T12:46:26.662Z",
    "source": 7
  }
},
{
  "model": "easy_thumbnails.thumbnail",
  "pk": 24,
  "fields": {
    "storage_hash": "0d677af76ca5bf5575d614e04932c3a4",
    "name": "images/2024/09/18/sport-bike.jpg.200x200_q85.jpg",
    "modified": "2024-09-19T12:46:26.688Z",
    "source": 8
  }
},
{
  "model": "easy_thumbnails.thumbnail",
  "pk": 25,
  "fields": {
    "storage_hash": "0d677af76ca5bf5575d614e04932c3a4",
    "name": "images/2024/09/18/django-and-duke_6mpgP4J.jpg.200x0_q85.jpg",
    "modified": "2024-09-19T12:46:35.677Z",
    "source": 2
  }
},
{
  "model": "easy_thumbnails.thumbnail",
  "pk": 26,
  "fields": {
    "storage_hash": "0d677af76ca5bf5575d614e04932c3a4",
    "name": "images/2024/09/18/django-and-duke.jpg.200x0_q85.jpg",
    "modified": "2024-09-19T12:46:44.766Z",
    "source": 1
  }
},
{
  "model": "easy_thumbnails.thumbnail",
  "pk": 27,
  "fields": {
    "storage_hash": "0d677af76ca5bf5575d614e04932c3a4",
    "name": "images/2024/09/18/wikimedia-commons.jpg.200x0_q85.jpg",
    "modified": "2024-09-19T12:46:53.741Z",
    "source": 3
  }
},
{
  "model": "easy_thumbnails.thumbnail",
  "pk": 28,
  "fields": {
    "storage_hash": "0d677af76ca5bf5575d614e04932c3a4",
    "name": "images/2024/09/18/sport-bike.jpg.200x0_q85.jpg",
    "modified": "2024-09-19T12:47:02.547Z",
    "source": 8
  }
},
{
  "model": "easy_thumbnails.thumbnail",
  "pk": 29,
  "fields": {
    "storage_hash": "0d677af76ca5bf5575d614e04932c3a4",
    "name": "images/2024/09/18/winona-ryder.jpg.200x0_q85.jpg",
    "modified": "2024-09-19T12:47:09.501Z",
    "source": 4
  }
},
{
  "model": "easy_thumbnails.thumbnail",
  "pk": 30,
  "fields": {
    "storage_hash": "0d677af76ca5bf5575d614e04932c3a4",
    "name": "images/2024/09/19/stockcake-captivating-free-images-for-every-occasion.jpg.200x0_q85.jpg",
    "modified": "2024-09-19T15:47:51.710Z",
    "source": 9
  }
},
{
  "model": "easy_thumbnails.thumbnail",
  "pk": 31,
  "fields": {
    "storage_hash": "0d677af76ca5bf5575d614e04932c3a4",
    "name": "images/2024/09/19/stockcake-captivating-free-images-for-every-occasion.jpg.200x200_q85.jpg",
    "modified": "2024-09-19T15:48:02.308Z",
    "source": 9
  }
},
{
  "model": "easy_thumbnails.thumbnail",
  "pk": 32,
  "fields": {
    "storage_hash": "0d677af76ca5bf5575d614e04932c3a4",
    "name": "images/2024/09/19/stockcake-captivating-free-images-for-every-occasion.jpg.300x300_q85_crop-smart.jpg",
    "modified": "2024-09-19T15:48:02.403Z",
    "source": 9
  }
},
{
  "model": "easy_thumbnails.thumbnail",
  "pk": 33,
  "fields": {
    "storage_hash": "0d677af76ca5bf5575d614e04932c3a4",
    "name": "images/2024/09/19/stockcake-captivating-free-images-for-every-occasion.jpg.200x200_q85_crop-smart.jpg",
    "modified": "2024-09-19T15:54:45.432Z",
    "source": 9
  }
},
{
  "model": "easy_thumbnails.thumbnail",
  "pk": 34,
  "fields": {
    "storage_hash": "0d677af76ca5bf5575d614e04932c3a4",
    "name": "images/2024/09/18/django-and-duke.jpg.200x200_q85_crop-smart.jpg",
    "modified": "2024-09-19T15:54:45.447Z",
    "source": 1
  }
},
{
  "model": "easy_thumbnails.thumbnail",
  "pk": 35,
  "fields": {
    "storage_hash": "0d677af76ca5bf5575d614e04932c3a4",
    "name": "images/2024/09/18/django-and-duke_6mpgP4J.jpg.200x200_q85_crop-smart.jpg",
    "modified": "2024-09-19T15:54:45.462Z",
    "source": 2
  }
},
{
  "model": "easy_thumbnails.thumbnail",
  "pk": 36,
  "fields": {
    "storage_hash": "0d677af76ca5bf5575d614e04932c3a4",
    "name": "images/2024/09/18/wikimedia-commons.jpg.200x200_q85_crop-smart.jpg",
    "modified": "2024-09-19T15:54:45.477Z",
    "source": 3
  }
},
{
  "model": "easy_thumbnails.thumbnail",
  "pk": 37,
  "fields": {
    "storage_hash": "0d677af76ca5bf5575d614e04932c3a4",
    "name": "images/2024/09/18/winona-ryder.jpg.200x200_q85_crop-smart.jpg",
    "modified": "2024-09-19T15:54:45.492Z",
    "source": 4
  }
},
{
  "model": "easy_thumbnails.thumbnail",
  "pk": 38,
  "fields": {
    "storage_hash": "0d677af76ca5bf5575d614e04932c3a4",
    "name": "images/2024/09/18/bh-bike_Gp6Osm1.jpg.200x200_q85_crop-smart.jpg",
    "modified": "2024-09-19T15:54:45.511Z",
    "source": 5
  }
},
{
  "model": "easy_thumbnails.thumbnail",
  "pk": 39,
  "fields": {
    "storage_hash": "0d677af76ca5bf5575d614e04932c3a4",
    "name": "images/2024/09/18/maillot-ml-giant-factory-off-road-team-legends-edition-giant-bicycles-espana.jpg.200x200_q85_crop-smart.jpg",
    "modified": "2024-09-19T15:54:45.530Z",
    "source": 6
  }
},
{
  "model": "easy_thumbnails.thumbnail",
  "pk": 40,
  "fields": {
    "storage_hash": "0d677af76ca5bf5575d614e04932c3a4",
    "name": "images/2024/09/18/sportbike.jpg.200x200_q85_crop-smart.jpg",
    "modified": "2024-09-19T15:54:45.562Z",
    "source": 7
  }
},
{
  "model": "easy_thumbnails.thumbnail",
  "pk": 41,
  "fields": {
    "storage_hash": "0d677af76ca5bf5575d614e04932c3a4",
    "name": "images/2024/09/18/bh-bike_Gp6Osm1.jpg.200x0_q85.jpg",
    "modified": "2024-09-19T16:11:13.115Z",
    "source": 5
  }
},
{
  "model": "easy_thumbnails.thumbnail",
  "pk": 42,
  "fields": {
    "storage_hash": "0d677af76ca5bf5575d614e04932c3a4",
    "name": "images/2024/09/19/stockcake-captivating-free-images-for-every-occasion_3XPDB8X.jpg.200x0_q85.jpg",
    "modified": "2024-09-19T16:15:05.366Z",
    "source": 10
  }
},
{
  "model": "easy_thumbnails.thumbnail",
  "pk": 43,
  "fields": {
    "storage_hash": "0d677af76ca5bf5575d614e04932c3a4",
    "name": "images/2024/09/19/stockcake-captivating-free-images-for-every-occasion_3XPDB8X.jpg.200x200_q85_crop-smart.jpg",
    "modified": "2024-09-19T16:15:07.659Z",
    "source": 10
  }
},
{
  "model": "easy_thumbnails.thumbnail",
  "pk": 44,
  "fields": {
    "storage_hash": "0d677af76ca5bf5575d614e04932c3a4",
    "name": "images/2024/09/19/free-city-life-images-download-at-stockcake.jpg.200x0_q85.jpg",
    "modified": "2024-09-19T16:17:18.068Z",
    "source": 11
  }
},
{
  "model": "easy_thumbnails.thumbnail",
  "pk": 45,
  "fields": {
    "storage_hash": "0d677af76ca5bf5575d614e04932c3a4",
    "name": "images/2024/09/19/free-city-life-images-download-at-stockcake_0S3f0I0.jpg.200x0_q85.jpg",
    "modified": "2024-09-19T16:17:48.986Z",
    "source": 12
  }
},
{
  "model": "easy_thumbnails.thumbnail",
  "pk": 46,
  "fields": {
    "storage_hash": "0d677af76ca5bf5575d614e04932c3a4",
    "name": "images/2024/09/19/free-city-life-images-download-at-stockcake.jpg.200x200_q85_crop-smart.jpg",
    "modified": "2024-09-19T16:17:55.794Z",
    "source": 11
  }
},
{
  "model": "easy_thumbnails.thumbnail",
  "pk": 47,
  "fields": {
    "storage_hash": "0d677af76ca5bf5575d614e04932c3a4",
    "name": "images/2024/09/19/free-city-life-images-download-at-stockcake_0S3f0I0.jpg.200x200_q85_crop-smart.jpg",
    "modified": "2024-09-19T16:17:55.811Z",
    "source": 12
  }
},
{
  "model": "easy_thumbnails.thumbnail",
  "pk": 48,
  "fields": {
    "storage_hash": "0d677af76ca5bf5575d614e04932c3a4",
    "name": "images/2024/09/19/free-serene-images-download-at-stockcake.jpg.200x0_q85.jpg",
    "modified": "2024-09-19T16:20:54.275Z",
    "source": 13
  }
},
{
  "model": "easy_thumbnails.thumbnail",
  "pk": 49,
  "fields": {
    "storage_hash": "0d677af76ca5bf5575d614e04932c3a4",
    "name": "images/2024/09/19/free-serene-images-download-at-stockcake.jpg.200x200_q85_crop-smart.jpg",
    "modified": "2024-09-19T16:20:57.360Z",
    "source": 13
  }
},
{
  "model": "easy_thumbnails.thumbnail",
  "pk": 50,
  "fields": {
    "storage_hash": "0d677af76ca5bf5575d614e04932c3a4",
    "name": "images/2024/09/19/free-serene-images-download-at-stockcake_7TTo89z.jpg.200x0_q85.jpg",
    "modified": "2024-09-19T16:22:26.755Z",
    "source": 14
  }
},
{
  "model": "easy_thumbnails.thumbnail",
  "pk": 51,
  "fields": {
    "storage_hash": "0d677af76ca5bf5575d614e04932c3a4",
    "name": "images/2024/09/19/free-serene-images-download-at-stockcake_tjQejyl.jpg.200x0_q85.jpg",
    "modified": "2024-09-19T16:22:58.631Z",
    "source": 15
  }
},
{
  "model": "easy_thumbnails.thumbnail",
  "pk": 52,
  "fields": {
    "storage_hash": "0d677af76ca5bf5575d614e04932c3a4",
    "name": "images/2024/09/19/free-serene-images-download-at-stockcake_ZBiScYm.jpg.200x0_q85.jpg",
    "modified": "2024-09-19T16:23:16.523Z",
    "source": 16
  }
},
{
  "model": "easy_thumbnails.thumbnail",
  "pk": 53,
  "fields": {
    "storage_hash": "0d677af76ca5bf5575d614e04932c3a4",
    "name": "images/2024/09/19/free-serene-images-download-at-stockcake_u84FRAD.jpg.200x0_q85.jpg",
    "modified": "2024-09-19T16:24:22.596Z",
    "source": 17
  }
},
{
  "model": "easy_thumbnails.thumbnail",
  "pk": 54,
  "fields": {
    "storage_hash": "0d677af76ca5bf5575d614e04932c3a4",
    "name": "images/2024/09/19/free-serene-images-download-at-stockcake_XF2lneF.jpg.200x0_q85.jpg",
    "modified": "2024-09-19T16:25:08.814Z",
    "source": 18
  }
},
{
  "model": "easy_thumbnails.thumbnail",
  "pk": 55,
  "fields": {
    "storage_hash": "0d677af76ca5bf5575d614e04932c3a4",
    "name": "images/2024/09/19/free-books-images-download-at-stockcake.jpg.200x0_q85.jpg",
    "modified": "2024-09-19T16:26:05.683Z",
    "source": 19
  }
},
{
  "model": "easy_thumbnails.thumbnail",
  "pk": 56,
  "fields": {
    "storage_hash": "0d677af76ca5bf5575d614e04932c3a4",
    "name": "images/2024/09/19/free-serene-images-download-at-stockcake_7TTo89z.jpg.200x200_q85_crop-smart.jpg",
    "modified": "2024-09-19T16:26:12.208Z",
    "source": 14
  }
},
{
  "model": "easy_thumbnails.thumbnail",
  "pk": 57,
  "fields": {
    "storage_hash": "0d677af76ca5bf5575d614e04932c3a4",
    "name": "images/2024/09/19/free-serene-images-download-at-stockcake_tjQejyl.jpg.200x200_q85_crop-smart.jpg",
    "modified": "2024-09-19T16:26:12.222Z",
    "source": 15
  }
},
{
  "model": "easy_thumbnails.thumbnail",
  "pk": 58,
  "fields": {
    "storage_hash": "0d677af76ca5bf5575d614e04932c3a4",
    "name": "images/2024/09/19/free-serene-images-download-at-stockcake_ZBiScYm.jpg.200x200_q85_crop-smart.jpg",
    "modified": "2024-09-19T16:26:12.237Z",
    "source": 16
  }
},
{
  "model": "easy_thumbnails.thumbnail",
  "pk": 59,
  "fields": {
    "storage_hash": "0d677af76ca5bf5575d614e04932c3a4",
    "name": "images/2024/09/19/free-serene-images-download-at-stockcake_u84FRAD.jpg.300x300_q85_crop-smart.jpg",
    "modified": "2024-09-19T16:26:12.395Z",
    "source": 17
  }
},
{
  "model": "easy_thumbnails.thumbnail",
  "pk": 60,
  "fields": {
    "storage_hash": "0d677af76ca5bf5575d614e04932c3a4",
    "name": "images/2024/09/19/free-serene-images-download-at-stockcake_XF2lneF.jpg.300x300_q85_crop-smart.jpg",
    "modified": "2024-09-19T16:26:12.439Z",
    "source": 18
  }
},
{
  "model": "easy_thumbnails.thumbnail",
  "pk": 61,
  "fields": {
    "storage_hash": "0d677af76ca5bf5575d614e04932c3a4",
    "name": "images/2024/09/19/free-books-images-download-at-stockcake.jpg.300x300_q85_crop-smart.jpg",
    "modified": "2024-09-19T16:26:12.456Z",
    "source": 19
  }
},
{
  "model": "easy_thumbnails.thumbnail",
  "pk": 62,
  "fields": {
    "storage_hash": "0d677af76ca5bf5575d614e04932c3a4",
    "name": "images/2024/09/19/free-books-images-download-at-stockcake_NWILS8K.jpg.200x0_q85.jpg",
    "modified": "2024-09-19T16:28:14.390Z",
    "source": 20
  }
},
{
  "model": "easy_thumbnails.thumbnail",
  "pk": 63,
  "fields": {
    "storage_hash": "0d677af76ca5bf5575d614e04932c3a4",
    "name": "images/2024/09/19/free-books-images-download-at-stockcake_dfVq6Hw.jpg.200x0_q85.jpg",
    "modified": "2024-09-19T16:28:40.733Z",
    "source": 21
  }
},
{
  "model": "easy_thumbnails.thumbnail",
  "pk": 64,
  "fields": {
    "storage_hash": "0d677af76ca5bf5575d614e04932c3a4",
    "name": "images/2024/09/19/free-books-images-download-at-stockcake_NWILS8K.jpg.300x300_q85_crop-smart.jpg",
    "modified": "2024-09-19T16:29:30.857Z",
    "source": 20
  }
},
{
  "model": "easy_thumbnails.thumbnail",
  "pk": 65,
  "fields": {
    "storage_hash": "0d677af76ca5bf5575d614e04932c3a4",
    "name": "images/2024/09/19/free-books-images-download-at-stockcake_dfVq6Hw.jpg.300x300_q85_crop-smart.jpg",
    "modified": "2024-09-19T16:29:30.893Z",
    "source": 21
  }
},
{
  "model": "easy_thumbnails.thumbnail",
  "pk": 66,
  "fields": {
    "storage_hash": "0d677af76ca5bf5575d614e04932c3a4",
    "name": "users/2023/09/03/rand_man3.jpeg.180x180_q85.jpg",
    "modified": "2024-09-21T16:57:23.442Z",
    "source": 22
  }
},
{
  "model": "easy_thumbnails.thumbnail",
  "pk": 67,
  "fields": {
    "storage_hash": "0d677af76ca5bf5575d614e04932c3a4",
    "name": "users/2024/09/19/rand_man2_VRzlEZg.jpeg.180x180_q85.jpg",
    "modified": "2024-09-21T16:57:23.452Z",
    "source": 23
  }
},
{
  "model": "easy_thumbnails.thumbnail",
  "pk": 68,
  "fields": {
    "storage_hash": "0d677af76ca5bf5575d614e04932c3a4",
    "name": "users/2024/09/19/mrballen_6jkMgOu.png.180x180_q85.png",
    "modified": "2024-09-21T16:57:23.491Z",
    "source": 24
  }
},
{
  "model": "easy_thumbnails.thumbnail",
  "pk": 69,
  "fields": {
    "storage_hash": "0d677af76ca5bf5575d614e04932c3a4",
    "name": "users/2024/09/19/wom1_kGNrJJs.jpeg.180x180_q85.jpg",
    "modified": "2024-09-21T16:57:23.500Z",
    "source": 25
  }
},
{
  "model": "easy_thumbnails.thumbnail",
  "pk": 70,
  "fields": {
    "storage_hash": "0d677af76ca5bf5575d614e04932c3a4",
    "name": "users/2024/09/19/billybons_nPnkz29.png.180x180_q85.png",
    "modified": "2024-09-21T16:57:23.546Z",
    "source": 26
  }
},
{
  "model": "easy_thumbnails.thumbnail",
  "pk": 71,
  "fields": {
    "storage_hash": "0d677af76ca5bf5575d614e04932c3a4",
    "name": "images/2024/09/18/sport-bike.jpg.200x200_q85_crop-smart.jpg",
    "modified": "2024-09-21T19:09:15.539Z",
    "source": 8
  }
},
{
  "model": "easy_thumbnails.thumbnail",
  "pk": 72,
  "fields": {
    "storage_hash": "0d677af76ca5bf5575d614e04932c3a4",
    "name": "images/2024/09/19/free-serene-images-download-at-stockcake_u84FRAD.jpg.200x200_q85_crop-smart.jpg",
    "modified": "2024-09-21T19:11:35.626Z",
    "source": 17
  }
},
{
  "model": "easy_thumbnails.thumbnail",
  "pk": 73,
  "fields": {
    "storage_hash": "0d677af76ca5bf5575d614e04932c3a4",
    "name": "images/2024/09/19/free-serene-images-download-at-stockcake_XF2lneF.jpg.200x200_q85_crop-smart.jpg",
    "modified": "2024-09-21T19:11:35.641Z",
    "source": 18
  }
},
{
  "model": "easy_thumbnails.thumbnail",
  "pk": 74,
  "fields": {
    "storage_hash": "0d677af76ca5bf5575d614e04932c3a4",
    "name": "images/2024/09/19/free-books-images-download-at-stockcake.jpg.200x200_q85_crop-smart.jpg",
    "modified": "2024-09-21T19:11:35.655Z",
    "source": 19
  }
},
{
  "model": "easy_thumbnails.thumbnail",
  "pk": 75,
  "fields": {
    "storage_hash": "0d677af76ca5bf5575d614e04932c3a4",
    "name": "images/2024/09/19/free-books-images-download-at-stockcake_NWILS8K.jpg.200x200_q85_crop-smart.jpg",
    "modified": "2024-09-21T19:11:45.511Z",
    "source": 20
  }
},
{
  "model": "easy_thumbnails.thumbnail",
  "pk": 76,
  "fields": {
    "storage_hash": "0d677af76ca5bf5575d614e04932c3a4",
    "name": "images/2024/09/19/free-books-images-download-at-stockcake_dfVq6Hw.jpg.200x200_q85_crop-smart.jpg",
    "modified": "2024-09-21T19:11:45.527Z",
    "source": 21
  }
},
{
  "model": "easy_thumbnails.thumbnail",
  "pk": 77,
  "fields": {
    "storage_hash": "0d677af76ca5bf5575d614e04932c3a4",
    "name": "users/2023/09/03/rand_man3.jpeg.80x80_q85_crop-100%.jpg",
    "modified": "2024-09-22T19:11:40.362Z",
    "source": 22
  }
},
{
  "model": "easy_thumbnails.thumbnail",
  "pk": 78,
  "fields": {
    "storage_hash": "0d677af76ca5bf5575d614e04932c3a4",
    "name": "images/2024/09/22/stockcake-captivating-free-images-for-every-occasion.jpg.200x0_q85.jpg",
    "modified": "2024-09-22T19:15:57.741Z",
    "source": 27
  }
},
{
  "model": "easy_thumbnails.thumbnail",
  "pk": 79,
  "fields": {
    "storage_hash": "0d677af76ca5bf5575d614e04932c3a4",
    "name": "images/2024/09/22/stockcake-captivating-free-images-for-every-occasion.jpg.200x200_q85_crop-smart.jpg",
    "modified": "2024-09-22T19:23:24.544Z",
    "source": 27
  }
},
{
  "model": "easy_thumbnails.thumbnail",
  "pk": 80,
  "fields": {
    "storage_hash": "0d677af76ca5bf5575d614e04932c3a4",
    "name": "images/2024/09/19/free-serene-images-download-at-stockcake_ZBiScYm.jpg.300x300_q85_crop-smart.jpg",
    "modified": "2024-09-22T19:39:01.393Z",
    "source": 16
  }
},
{
  "model": "easy_thumbnails.thumbnail",
  "pk": 81,
  "fields": {
    "storage_hash": "0d677af76ca5bf5575d614e04932c3a4",
    "name": "users/2024/09/19/rand_man2_VRzlEZg.jpeg.80x80_q85_crop-100%.jpg",
    "modified": "2024-09-22T19:53:50.513Z",
    "source": 23
  }
},
{
  "model": "easy_thumbnails.thumbnail",
  "pk": 82,
  "fields": {
    "storage_hash": "0d677af76ca5bf5575d614e04932c3a4",
    "name": "images/2024/09/22/stockcake-captivating-free-images-for-every-occasion_lgdpoLE.jpg.200x0_q85.jpg",
    "modified": "2024-09-22T19:56:56.280Z",
    "source": 28
  }
},
{
  "model": "easy_thumbnails.thumbnail",
  "pk": 83,
  "fields": {
    "storage_hash": "0d677af76ca5bf5575d614e04932c3a4",
    "name": "users/2024/09/19/wom1_kGNrJJs.jpeg.80x80_q85_crop-100%.jpg",
    "modified": "2024-09-22T20:00:51.592Z",
    "source": 25
  }
},
{
  "model": "easy_thumbnails.thumbnail",
  "pk": 84,
  "fields": {
    "storage_hash": "0d677af76ca5bf5575d614e04932c3a4",
    "name": "images/2024/09/18/sport-bike.jpg.80x80_q85_crop-100%.jpg",
    "modified": "2024-09-22T20:09:07.217Z",
    "source": 8
  }
},
{
  "model": "easy_thumbnails.thumbnail",
  "pk": 85,
  "fields": {
    "storage_hash": "0d677af76ca5bf5575d614e04932c3a4",
    "name": "users/2024/09/22/rand_man.jpeg.80x80_q85_crop-100%.jpg",
    "modified": "2024-09-22T20:18:31.293Z",
    "source": 29
  }
},
{
  "model": "easy_thumbnails.thumbnail",
  "pk": 86,
  "fields": {
    "storage_hash": "0d677af76ca5bf5575d614e04932c3a4",
    "name": "images/2024/09/22/stockcake-captivating-free-images-for-every-occasion_W6QOlH5.jpg.200x0_q85.jpg",
    "modified": "2024-09-22T20:24:05.041Z",
    "source": 30
  }
},
{
  "model": "easy_thumbnails.thumbnail",
  "pk": 87,
  "fields": {
    "storage_hash": "0d677af76ca5bf5575d614e04932c3a4",
    "name": "images/2024/09/22/free-stock-photos-royalty-free-stock-images-copyright-free-pictures-pexels.jpeg.200x0_q85.jpg",
    "modified": "2024-09-22T20:26:37.378Z",
    "source": 31
  }
},
{
  "model": "easy_thumbnails.thumbnail",
  "pk": 88,
  "fields": {
    "storage_hash": "0d677af76ca5bf5575d614e04932c3a4",
    "name": "images/2024/09/22/free-stock-photos-royalty-free-stock-images-copyright-free-pictures-pexels.jpeg.80x80_q85_crop-100%.jpg",
    "modified": "2024-09-22T20:27:03.691Z",
    "source": 31
  }
},
{
  "model": "easy_thumbnails.thumbnail",
  "pk": 89,
  "fields": {
    "storage_hash": "0d677af76ca5bf5575d614e04932c3a4",
    "name": "images/2024/09/22/stockcake-captivating-free-images-for-every-occasion_W6QOlH5.jpg.80x80_q85_crop-100%.jpg",
    "modified": "2024-09-22T20:27:03.725Z",
    "source": 30
  }
},
{
  "model": "easy_thumbnails.thumbnail",
  "pk": 90,
  "fields": {
    "storage_hash": "0d677af76ca5bf5575d614e04932c3a4",
    "name": "images/2024/09/22/stockcake-captivating-free-images-for-every-occasion_lgdpoLE.jpg.200x200_q85_crop-smart.jpg",
    "modified": "2024-09-22T20:27:27.553Z",
    "source": 28
  }
},
{
  "model": "easy_thumbnails.thumbnail",
  "pk": 91,
  "fields": {
    "storage_hash": "0d677af76ca5bf5575d614e04932c3a4",
    "name": "images/2024/09/22/stockcake-captivating-free-images-for-every-occasion_W6QOlH5.jpg.200x200_q85_crop-smart.jpg",
    "modified": "2024-09-22T20:27:27.591Z",
    "source": 30
  }
},
{
  "model": "easy_thumbnails.thumbnail",
  "pk": 92,
  "fields": {
    "storage_hash": "0d677af76ca5bf5575d614e04932c3a4",
    "name": "images/2024/09/22/free-stock-photos-royalty-free-stock-images-copyright-free-pictures-pexels.jpeg.200x200_q85_crop-smart.jpg",
    "modified": "2024-09-22T20:27:27.622Z",
    "source": 31
  }
},
{
  "model": "easy_thumbnails.thumbnail",
  "pk": 93,
  "fields": {
    "storage_hash": "0d677af76ca5bf5575d614e04932c3a4",
    "name": "images/2024/09/19/free-serene-images-download-at-stockcake.jpg.300x300_q85_crop-smart.jpg",
    "modified": "2024-09-22T20:27:28.465Z",
    "source": 13
  }
},
{
  "model": "easy_thumbnails.thumbnail",
  "pk": 94,
  "fields": {
    "storage_hash": "0d677af76ca5bf5575d614e04932c3a4",
    "name": "images/2024/09/19/free-serene-images-download-at-stockcake_7TTo89z.jpg.300x300_q85_crop-smart.jpg",
    "modified": "2024-09-22T20:27:28.512Z",
    "source": 14
  }
},
{
  "model": "easy_thumbnails.thumbnail",
  "pk": 95,
  "fields": {
    "storage_hash": "0d677af76ca5bf5575d614e04932c3a4",
    "name": "images/2024/09/19/free-serene-images-download-at-stockcake_tjQejyl.jpg.300x300_q85_crop-smart.jpg",
    "modified": "2024-09-22T20:27:28.564Z",
    "source": 15
  }
},
{
  "model": "easy_thumbnails.thumbnail",
  "pk": 96,
  "fields": {
    "storage_hash": "0d677af76ca5bf5575d614e04932c3a4",
    "name": "users/2024/09/22/rand_man6.png.80x80_q85_crop-100%.png",
    "modified": "2024-09-22T20:43:37.005Z",
    "source": 32
  }
},
{
  "model": "easy_thumbnails.thumbnail",
  "pk": 97,
  "fields": {
    "storage_hash": "0d677af76ca5bf5575d614e04932c3a4",
    "name": "users/2024/09/22/rand_man6.png.180x180_q85.png",
    "modified": "2024-09-22T20:47:12.572Z",
    "source": 32
  }
},
{
  "model": "easy_thumbnails.thumbnail",
  "pk": 98,
  "fields": {
    "storage_hash": "0d677af76ca5bf5575d614e04932c3a4",
    "name": "users/2024/09/22/leonardo.jpeg.180x180_q85.jpg",
    "modified": "2024-09-22T20:47:12.586Z",
    "source": 33
  }
},
{
  "model": "easy_thumbnails.thumbnail",
  "pk": 99,
  "fields": {
    "storage_hash": "0d677af76ca5bf5575d614e04932c3a4",
    "name": "users/2024/09/22/rand_man.jpeg.180x180_q85.jpg",
    "modified": "2024-09-22T20:47:12.596Z",
    "source": 29
  }
},
{
  "model": "easy_thumbnails.thumbnail",
  "pk": 100,
  "fields": {
    "storage_hash": "0d677af76ca5bf5575d614e04932c3a4",
    "name": "users/2024/09/19/mrballen_6jkMgOu.png.80x80_q85_crop-100%.png",
    "modified": "2024-09-22T20:47:28.689Z",
    "source": 24
  }
},
{
  "model": "easy_thumbnails.thumbnail",
  "pk": 101,
  "fields": {
    "storage_hash": "0d677af76ca5bf5575d614e04932c3a4",
    "name": "images/2024/09/22/stockcake-captivating-free-images-for-every-occasion.jpg.80x80_q85_crop-100%.jpg",
    "modified": "2024-09-22T20:50:19.677Z",
    "source": 27
  }
},
{
  "model": "easy_thumbnails.thumbnail",
  "pk": 102,
  "fields": {
    "storage_hash": "0d677af76ca5bf5575d614e04932c3a4",
    "name": "images/2024/09/18/django-and-duke.jpg.80x80_q85_crop-100%.jpg",
    "modified": "2024-09-23T22:24:24.236Z",
    "source": 1
  }
},
{
  "model": "easy_thumbnails.thumbnail",
  "pk": 103,
  "fields": {
    "storage_hash": "0d677af76ca5bf5575d614e04932c3a4",
    "name": "images/2024/09/24/bird.jpg.200x0_q85.jpg",
    "modified": "2024-09-23T22:35:26.055Z",
    "source": 34
  }
},
{
  "model": "easy_thumbnails.thumbnail",
  "pk": 104,
  "fields": {
    "storage_hash": "0d677af76ca5bf5575d614e04932c3a4",
    "name": "images/2024/09/24/bird.jpg.80x80_q85_crop-100%.jpg",
    "modified": "2024-09-23T22:35:33.035Z",
    "source": 34
  }
},
{
  "model": "easy_thumbnails.thumbnail",
  "pk": 105,
  "fields": {
    "storage_hash": "0d677af76ca5bf5575d614e04932c3a4",
    "name": "images/2024/09/24/bird.jpg.200x200_q85_crop-smart.jpg",
    "modified": "2024-09-23T22:41:44.623Z",
    "source": 34
  }
},
{
  "model": "easy_thumbnails.thumbnail",
  "pk": 106,
  "fields": {
    "storage_hash": "0d677af76ca5bf5575d614e04932c3a4",
    "name": "images/2024/09/19/free-city-life-images-download-at-stockcake_0S3f0I0.jpg.300x300_q85_crop-smart.jpg",
    "modified": "2024-09-23T22:44:24.794Z",
    "source": 12
  }
},
{
  "model": "easy_thumbnails.thumbnail",
  "pk": 107,
  "fields": {
    "storage_hash": "0d677af76ca5bf5575d614e04932c3a4",
    "name": "images/2024/09/18/maillot-ml-giant-factory-off-road-team-legends-edition-giant-bicycles-espana.jpg.200x0_q85.jpg",
    "modified": "2024-09-24T18:11:51.707Z",
    "source": 6
  }
},
{
  "model": "easy_thumbnails.thumbnail",
  "pk": 108,
  "fields": {
    "storage_hash": "0d677af76ca5bf5575d614e04932c3a4",
    "name": "images/2024/09/19/free-books-images-download-at-stockcake_NWILS8K.jpg.80x80_q85_crop-100%.jpg",
    "modified": "2024-09-24T18:12:17.913Z",
    "source": 20
  }
},
{
  "model": "easy_thumbnails.thumbnail",
  "pk": 109,
  "fields": {
    "storage_hash": "0d677af76ca5bf5575d614e04932c3a4",
    "name": "images/2024/09/18/maillot-ml-giant-factory-off-road-team-legends-edition-giant-bicycles-espana.jpg.80x80_q85_crop-100%.jpg",
    "modified": "2024-09-24T18:12:17.924Z",
    "source": 6
  }
},
{
  "model": "easy_thumbnails.thumbnail",
  "pk": 110,
  "fields": {
    "storage_hash": "0d677af76ca5bf5575d614e04932c3a4",
    "name": "images/2024/09/18/winona-ryder.jpg.80x80_q85_crop-100%.jpg",
    "modified": "2024-09-24T18:12:17.935Z",
    "source": 4
  }
},
{
  "model": "easy_thumbnails.thumbnail",
  "pk": 111,
  "fields": {
    "storage_hash": "0d677af76ca5bf5575d614e04932c3a4",
    "name": "images/2024/09/18/bh-bike_Gp6Osm1.jpg.80x80_q85_crop-100%.jpg",
    "modified": "2024-09-24T18:12:17.948Z",
    "source": 5
  }
},
{
  "model": "easy_thumbnails.thumbnail",
  "pk": 112,
  "fields": {
    "storage_hash": "0d677af76ca5bf5575d614e04932c3a4",
    "name": "images/2024/09/19/free-serene-images-download-at-stockcake_ZBiScYm.jpg.80x80_q85_crop-100%.jpg",
    "modified": "2024-09-24T18:12:17.961Z",
    "source": 16
  }
},
{
  "model": "auth.permission",
  "fields": {
    "name": "Can add log entry",
    "content_type": [
      "admin",
      "logentry"
    ],
    "codename": "add_logentry"
  }
},
{
  "model": "auth.permission",
  "fields": {
    "name": "Can change log entry",
    "content_type": [
      "admin",
      "logentry"
    ],
    "codename": "change_logentry"
  }
},
{
  "model": "auth.permission",
  "fields": {
    "name": "Can delete log entry",
    "content_type": [
      "admin",
      "logentry"
    ],
    "codename": "delete_logentry"
  }
},
{
  "model": "auth.permission",
  "fields": {
    "name": "Can view log entry",
    "content_type": [
      "admin",
      "logentry"
    ],
    "codename": "view_logentry"
  }
},
{
  "model": "auth.permission",
  "fields": {
    "name": "Can add permission",
    "content_type": [
      "auth",
      "permission"
    ],
    "codename": "add_permission"
  }
},
{
  "model": "auth.permission",
  "fields": {
    "name": "Can change permission",
    "content_type": [
      "auth",
      "permission"
    ],
    "codename": "change_permission"
  }
},
{
  "model": "auth.permission",
  "fields": {
    "name": "Can delete permission",
    "content_type": [
      "auth",
      "permission"
    ],
    "codename": "delete_permission"
  }
},
{
  "model": "auth.permission",
  "fields": {
    "name": "Can view permission",
    "content_type": [
      "auth",
      "permission"
    ],
    "codename": "view_permission"
  }
},
{
  "model": "auth.permission",
  "fields": {
    "name": "Can add group",
    "content_type": [
      "auth",
      "group"
    ],
    "codename": "add_group"
  }
},
{
  "model": "auth.permission",
  "fields": {
    "name": "Can change group",
    "content_type": [
      "auth",
      "group"
    ],
    "codename": "change_group"
  }
},
{
  "model": "auth.permission",
  "fields": {
    "name": "Can delete group",
    "content_type": [
      "auth",
      "group"
    ],
    "codename": "delete_group"
  }
},
{
  "model": "auth.permission",
  "fields": {
    "name": "Can view group",
    "content_type": [
      "auth",
      "group"
    ],
    "codename": "view_group"
  }
},
{
  "model": "auth.permission",
  "fields": {
    "name": "Can add user",
    "content_type": [
      "auth",
      "user"
    ],
    "codename": "add_user"
  }
},
{
  "model": "auth.permission",
  "fields": {
    "name": "Can change user",
    "content_type": [
      "auth",
      "user"
    ],
    "codename": "change_user"
  }
},
{
  "model": "auth.permission",
  "fields": {
    "name": "Can delete user",
    "content_type": [
      "auth",
      "user"
    ],
    "codename": "delete_user"
  }
},
{
  "model": "auth.permission",
  "fields": {
    "name": "Can view user",
    "content_type": [
      "auth",
      "user"
    ],
    "codename": "view_user"
  }
},
{
  "model": "auth.permission",
  "fields": {
    "name": "Can add content type",
    "content_type": [
      "contenttypes",
      "contenttype"
    ],
    "codename": "add_contenttype"
  }
},
{
  "model": "auth.permission",
  "fields": {
    "name": "Can change content type",
    "content_type": [
      "contenttypes",
      "contenttype"
    ],
    "codename": "change_contenttype"
  }
},
{
  "model": "auth.permission",
  "fields": {
    "name": "Can delete content type",
    "content_type": [
      "contenttypes",
      "contenttype"
    ],
    "codename": "delete_contenttype"
  }
},
{
  "model": "auth.permission",
  "fields": {
    "name": "Can view content type",
    "content_type": [
      "contenttypes",
      "contenttype"
    ],
    "codename": "view_contenttype"
  }
},
{
  "model": "auth.permission",
  "fields": {
    "name": "Can add session",
    "content_type": [
      "sessions",
      "session"
    ],
    "codename": "add_session"
  }
},
{
  "model": "auth.permission",
  "fields": {
    "name": "Can change session",
    "content_type": [
      "sessions",
      "session"
    ],
    "codename": "change_session"
  }
},
{
  "model": "auth.permission",
  "fields": {
    "name": "Can delete session",
    "content_type": [
      "sessions",
      "session"
    ],
    "codename": "delete_session"
  }
},
{
  "model": "auth.permission",
  "fields": {
    "name": "Can view session",
    "content_type": [
      "sessions",
      "session"
    ],
    "codename": "view_session"
  }
},
{
  "model": "auth.permission",
  "fields": {
    "name": "Can add profile",
    "content_type": [
      "account",
      "profile"
    ],
    "codename": "add_profile"
  }
},
{
  "model": "auth.permission",
  "fields": {
    "name": "Can change profile",
    "content_type": [
      "account",
      "profile"
    ],
    "codename": "change_profile"
  }
},
{
  "model": "auth.permission",
  "fields": {
    "name": "Can delete profile",
    "content_type": [
      "account",
      "profile"
    ],
    "codename": "delete_profile"
  }
},
{
  "model": "auth.permission",
  "fields": {
    "name": "Can view profile",
    "content_type": [
      "account",
      "profile"
    ],
    "codename": "view_profile"
  }
},
{
  "model": "auth.permission",
  "fields": {
    "name": "Can add association",
    "content_type": [
      "social_django",
      "association"
    ],
    "codename": "add_association"
  }
},
{
  "model": "auth.permission",
  "fields": {
    "name": "Can change association",
    "content_type": [
      "social_django",
      "association"
    ],
    "codename": "change_association"
  }
},
{
  "model": "auth.permission",
  "fields": {
    "name": "Can delete association",
    "content_type": [
      "social_django",
      "association"
    ],
    "codename": "delete_association"
  }
},
{
  "model": "auth.permission",
  "fields": {
    "name": "Can view association",
    "content_type": [
      "social_django",
      "association"
    ],
    "codename": "view_association"
  }
},
{
  "model": "auth.permission",
  "fields": {
    "name": "Can add code",
    "content_type": [
      "social_django",
      "code"
    ],
    "codename": "add_code"
  }
},
{
  "model": "auth.permission",
  "fields": {
    "name": "Can change code",
    "content_type": [
      "social_django",
      "code"
    ],
    "codename": "change_code"
  }
},
{
  "model": "auth.permission",
  "fields": {
    "name": "Can delete code",
    "content_type": [
      "social_django",
      "code"
    ],
    "codename": "delete_code"
  }
},
{
  "model": "auth.permission",
  "fields": {
    "name": "Can view code",
    "content_type": [
      "social_django",
      "code"
    ],
    "codename": "view_code"
  }
},
{
  "model": "auth.permission",
  "fields": {
    "name": "Can add nonce",
    "content_type": [
      "social_django",
      "nonce"
    ],
    "codename": "add_nonce"
  }
},
{
  "model": "auth.permission",
  "fields": {
    "name": "Can change nonce",
    "content_type": [
      "social_django",
      "nonce"
    ],
    "codename": "change_nonce"
  }
},
{
  "model": "auth.permission",
  "fields": {
    "name": "Can delete nonce",
    "content_type": [
      "social_django",
      "nonce"
    ],
    "codename": "delete_nonce"
  }
},
{
  "model": "auth.permission",
  "fields": {
    "name": "Can view nonce",
    "content_type": [
      "social_django",
      "nonce"
    ],
    "codename": "view_nonce"
  }
},
{
  "model": "auth.permission",
  "fields": {
    "name": "Can add user social auth",
    "content_type": [
      "social_django",
      "usersocialauth"
    ],
    "codename": "add_usersocialauth"
  }
},
{
  "model": "auth.permission",
  "fields": {
    "name": "Can change user social auth",
    "content_type": [
      "social_django",
      "usersocialauth"
    ],
    "codename": "change_usersocialauth"
  }
},
{
  "model": "auth.permission",
  "fields": {
    "name": "Can delete user social auth",
    "content_type": [
      "social_django",
      "usersocialauth"
    ],
    "codename": "delete_usersocialauth"
  }
},
{
  "model": "auth.permission",
  "fields": {
    "name": "Can view user social auth",
    "content_type": [
      "social_django",
      "usersocialauth"
    ],
    "codename": "view_usersocialauth"
  }
},
{
  "model": "auth.permission",
  "fields": {
    "name": "Can add partial",
    "content_type": [
      "social_django",
      "partial"
    ],
    "codename": "add_partial"
  }
},
{
  "model": "auth.permission",
  "fields": {
    "name": "Can change partial",
    "content_type": [
      "social_django",
      "partial"
    ],
    "codename": "change_partial"
  }
},
{
  "model": "auth.permission",
  "fields": {
    "name": "Can delete partial",
    "content_type": [
      "social_django",
      "partial"
    ],
    "codename": "delete_partial"
  }
},
{
  "model": "auth.permission",
  "fields": {
    "name": "Can view partial",
    "content_type": [
      "social_django",
      "partial"
    ],
    "codename": "view_partial"
  }
},
{
  "model": "auth.permission",
  "fields": {
    "name": "Can add source",
    "content_type": [
      "easy_thumbnails",
      "source"
    ],
    "codename": "add_source"
  }
},
{
  "model": "auth.permission",
  "fields": {
    "name": "Can change source",
    "content_type": [
      "easy_thumbnails",
      "source"
    ],
    "codename": "change_source"
  }
},
{
  "model": "auth.permission",
  "fields": {
    "name": "Can delete source",
    "content_type": [
      "easy_thumbnails",
      "source"
    ],
    "codename": "delete_source"
  }
},
{
  "model": "auth.permission",
  "fields": {
    "name": "Can view source",
    "content_type": [
      "easy_thumbnails",
      "source"
    ],
    "codename": "view_source"
  }
},
{
  "model": "auth.permission",
  "fields": {
    "name": "Can add thumbnail",
    "content_type": [
      "easy_thumbnails",
      "thumbnail"
    ],
    "codename": "add_thumbnail"
  }
},
{
  "model": "auth.permission",
  "fields": {
    "name": "Can change thumbnail",
    "content_type": [
      "easy_thumbnails",
      "thumbnail"
    ],
    "codename": "change_thumbnail"
  }
},
{
  "model": "auth.permission",
  "fields": {
    "name": "Can delete thumbnail",
    "content_type": [
      "easy_thumbnails",
      "thumbnail"
    ],
    "codename": "delete_thumbnail"
  }
},
{
  "model": "auth.permission",
  "fields": {
    "name": "Can view thumbnail",
    "content_type": [
      "easy_thumbnails",
      "thumbnail"
    ],
    "codename": "view_thumbnail"
  }
},
{
  "model": "auth.permission",
  "fields": {
    "name": "Can add thumbnail dimensions",
    "content_type": [
      "easy_thumbnails",
      "thumbnaildimensions"
    ],
    "codename": "add_thumbnaildimensions"
  }
},
{
  "model": "auth.permission",
  "fields": {
    "name": "Can change thumbnail dimensions",
    "content_type": [
      "easy_thumbnails",
      "thumbnaildimensions"
    ],
    "codename": "change_thumbnaildimensions"
  }
},
{
  "model": "auth.permission",
  "fields": {
    "name": "Can delete thumbnail dimensions",
    "content_type": [
      "easy_thumbnails",
      "thumbnaildimensions"
    ],
    "codename": "delete_thumbnaildimensions"
  }
},
{
  "model": "auth.permission",
  "fields": {
    "name": "Can view thumbnail dimensions",
    "content_type": [
      "easy_thumbnails",
      "thumbnaildimensions"
    ],
    "codename": "view_thumbnaildimensions"
  }
},
{
  "model": "auth.permission",
  "fields": {
    "name": "Can add image",
    "content_type": [
      "images",
      "image"
    ],
    "codename": "add_image"
  }
},
{
  "model": "auth.permission",
  "fields": {
    "name": "Can change image",
    "content_type": [
      "images",
      "image"
    ],
    "codename": "change_image"
  }
},
{
  "model": "auth.permission",
  "fields": {
    "name": "Can delete image",
    "content_type": [
      "images",
      "image"
    ],
    "codename": "delete_image"
  }
},
{
  "model": "auth.permission",
  "fields": {
    "name": "Can view image",
    "content_type": [
      "images",
      "image"
    ],
    "codename": "view_image"
  }
},
{
  "model": "auth.permission",
  "fields": {
    "name": "Can add contact",
    "content_type": [
      "account",
      "contact"
    ],
    "codename": "add_contact"
  }
},
{
  "model": "auth.permission",
  "fields": {
    "name": "Can change contact",
    "content_type": [
      "account",
      "contact"
    ],
    "codename": "change_contact"
  }
},
{
  "model": "auth.permission",
  "fields": {
    "name": "Can delete contact",
    "content_type": [
      "account",
      "contact"
    ],
    "codename": "delete_contact"
  }
},
{
  "model": "auth.permission",
  "fields": {
    "name": "Can view contact",
    "content_type": [
      "account",
      "contact"
    ],
    "codename": "view_contact"
  }
},
{
  "model": "auth.permission",
  "fields": {
    "name": "Can add action",
    "content_type": [
      "actions",
      "action"
    ],
    "codename": "add_action"
  }
},
{
  "model": "auth.permission",
  "fields": {
    "name": "Can change action",
    "content_type": [
      "actions",
      "action"
    ],
    "codename": "change_action"
  }
},
{
  "model": "auth.permission",
  "fields": {
    "name": "Can delete action",
    "content_type": [
      "actions",
      "action"
    ],
    "codename": "delete_action"
  }
},
{
  "model": "auth.permission",
  "fields": {
    "name": "Can view action",
    "content_type": [
      "actions",
      "action"
    ],
    "codename": "view_action"
  }
},
{
  "model": "auth.user",
  "fields": {
    "password": "pbkdf2_sha256$600000$RoIThQ4LrPyAsRWd7HEVvu$TH7xMZhkFLoB3HV95k9xWFQVmSL5QJAEqPJNxDIAFaI=",
    "last_login": "2024-09-24T18:06:16.858Z",
    "is_superuser": true,
    "username": "alex",
    "first_name": "Alex",
    "last_name": "Artamonov",
    "email": "john_@dow.com",
    "is_staff": true,
    "is_active": true,
    "date_joined": "2023-08-10T19:11:24Z",
    "groups": [],
    "user_permissions": []
  }
},
{
  "model": "auth.user",
  "fields": {
    "password": "pbkdf2_sha256$600000$50MEbDjVfN63ETvoqbXnGd$ChQ5hiSExokYQLvOeGtNUFeWyPFf0ijLLcfBT7h9bCI=",
    "last_login": "2024-09-22T20:38:09.832Z",
    "is_superuser": false,
    "username": "test",
    "first_name": "John",
    "last_name": "Dow",
    "email": "john@dow.com",
    "is_staff": false,
    "is_active": true,
    "date_joined": "2023-08-10T19:16:07Z",
    "groups": [],
    "user_permissions": []
  }
},
{
  "model": "auth.user",
  "fields": {
    "password": "pbkdf2_sha256$600000$owddK47UnNU81UZlBbU5Rn$5TZc4Iqe3eJgSeosf0AjBoHiySNz++F3J9OabwPW/oE=",
    "last_login": "2024-09-23T22:43:00.390Z",
    "is_superuser": false,
    "username": "ballen",
    "first_name": "mister",
    "last_name": "",
    "email": "",
    "is_staff": false,
    "is_active": true,
    "date_joined": "2023-08-14T20:51:15.894Z",
    "groups": [],
    "user_permissions": []
  }
},
{
  "model": "auth.user",
  "fields": {
    "password": "pbkdf2_sha256$600000$mUd6CLf035JeOssWIngpTf$qIemacpWjeG6J8QTDlt8iekqRIWcV49IRTVPQ4UX6TY=",
    "last_login": "2024-09-23T22:24:24.163Z",
    "is_superuser": false,
    "username": "cristina",
    "first_name": "cristina",
    "last_name": "",
    "email": "",
    "is_staff": false,
    "is_active": true,
    "date_joined": "2023-08-14T20:58:29.738Z",
    "groups": [],
    "user_permissions": []
  }
},
{
  "model": "auth.user",
  "fields": {
    "password": "pbkdf2_sha256$600000$fJeyjNL6VOwLcCCHSO2MRQ$Kb1ccu5q6Xdp4RQDh1NwkCdG7zyzSdYBFpFtpwCPXKY=",
    "last_login": "2024-09-22T20:16:37.294Z",
    "is_superuser": false,
    "username": "billybons",
    "first_name": "Billy",
    "last_name": "Bons",
    "email": "billy@bonse.zxy",
    "is_staff": false,
    "is_active": true,
    "date_joined": "2023-08-14T21:54:06.994Z",
    "groups": [],
    "user_permissions": []
  }
},
{
  "model": "auth.user",
  "fields": {
    "password": "!HzaLFYhp0fkzvQC80FBm1ifi3Hd1DmMZzsKYn0Oc",
    "last_login": "2024-09-19T17:45:42Z",
    "is_superuser": false,
    "username": "martin",
    "first_name": "Martin",
    "last_name": "Kovshov",
    "email": "martin.kovshov@gmail.com",
    "is_staff": false,
    "is_active": true,
    "date_joined": "2023-08-28T22:32:17Z",
    "groups": [],
    "user_permissions": []
  }
},
{
  "model": "auth.user",
  "fields": {
    "password": "!b1dooDElFRME9mbLxpLqoYcJLQpIXrbUz1rzK12a",
    "last_login": "2024-09-19T17:44:35.130Z",
    "is_superuser": false,
    "username": "viktor",
    "first_name": "",
    "last_name": "",
    "email": "",
    "is_staff": false,
    "is_active": true,
    "date_joined": "2023-08-28T22:33:51Z",
    "groups": [],
    "user_permissions": []
  }
},
{
  "model": "auth.user",
  "fields": {
    "password": "!wJ0yJWU867ML0tYNxOgz9QIA9KVNfXikNbZ1UYOb",
    "last_login": "2024-09-22T20:22:54.284Z",
    "is_superuser": false,
    "username": "viktorbolshev",
    "first_name": "Viktor",
    "last_name": "Bolshev",
    "email": "viktor.bolshev@gmail.com",
    "is_staff": false,
    "is_active": true,
    "date_joined": "2023-08-28T22:34:25Z",
    "groups": [],
    "user_permissions": []
  }
},
{
  "model": "auth.user",
  "fields": {
    "password": "pbkdf2_sha256$600000$c4IqqSw05MK5CRzNEX0pgQ$RjqrKLtJKhihdu9Cz5vbwbAWBZRH9vphNMQCAT6pnZ8=",
    "last_login": "2024-09-23T22:37:42.283Z",
    "is_superuser": false,
    "username": "hasan",
    "first_name": "Hasan",
    "last_name": "Mussa",
    "email": "hassan@mussa.com",
    "is_staff": false,
    "is_active": true,
    "date_joined": "2024-09-22T20:15:27Z",
    "groups": [],
    "user_permissions": []
  }
},
{
  "model": "social_django.usersocialauth",
  "pk": 4,
  "fields": {
    "user": [
      "martin"
    ],
    "provider": "google-oauth2",
    "uid": "martin.kovshov@gmail.com",
    "extra_data": "{\"auth_time\": 1727033182, \"expires\": 3599, \"token_type\": \"Bearer\", \"access_token\": \"ya29.a0AcM612whVxU3PHuDMXO8cAB0iJzXkY0LMXEq_jv3v_BsaArgmOazYUB-vjzuCmY-glcXl82RqDeciO84dV4ej7JFlbltYQ4uvVdsokXr_P68hFozUwO4DLeGLiRbXOmo1iNHAGeVRGCB3Xm01Vjw5_Y9rU0Z60QiKPcaCgYKARsSARISFQHGX2Mize8N3FhgOA8pGnzbo1jW_Q0170\"}",
    "created": "2023-08-28T22:32:17.908Z",
    "modified": "2024-09-22T19:26:22.545Z"
  }
},
{
  "model": "social_django.usersocialauth",
  "pk": 5,
  "fields": {
    "user": [
      "viktor"
    ],
    "provider": "facebook",
    "uid": "661812182556925",
    "extra_data": "{\"auth_time\": 1726767875, \"id\": \"661812182556925\", \"expires\": 5183999, \"granted_scopes\": [\"public_profile\"], \"denied_scopes\": null, \"access_token\": \"EAACrfuujP5IBO1jeqPzCJcK8ZBSCnxh34uhAqLlGCY6nWjdPhNyOZCEFOKVAR30ZCXpxbCeBS6ZCzliwSDZBsSIVP3PT7t40Cnx5dx0TyigOh9pGv1gao3WWet7ZBoWJDiXvVAmpAzlqxYBR3lXsxfma1qikrLf9FtTgZA1n9I89if169ETqBZAaWDN6RLiITUsaELZCUt5kmAEdT4e4TGMwWqpEvsRrk22vZANZC4J2PkaN9WRQkh8OjkE\", \"token_type\": null}",
    "created": "2023-08-28T22:33:51.344Z",
    "modified": "2024-09-19T17:44:35.121Z"
  }
},
{
  "model": "social_django.usersocialauth",
  "pk": 6,
  "fields": {
    "user": [
      "viktorbolshev"
    ],
    "provider": "google-oauth2",
    "uid": "viktor.bolshev@gmail.com",
    "extra_data": "{\"auth_time\": 1727036574, \"expires\": 3599, \"token_type\": \"Bearer\", \"access_token\": \"ya29.a0AcM612zOpRPrc69SzrPaLWI73pY--EfosOSiSY32FKeAby6i3laslv7WGL-www43UuC8sUCROlaq7CQ2yW7NyN1kKofYgu09F5kcQprMqeeja659ChFjmfROD_M56jKrCITPjhoyT8kQBiZsNrZ29KSze8pbjGWvr7AaCgYKAVISARASFQHGX2MiUL9a4kEwb4qykby8wji37w0170\"}",
    "created": "2023-08-28T22:34:25.052Z",
    "modified": "2024-09-22T20:22:54.249Z"
  }
},
{
  "model": "social_django.usersocialauth",
  "pk": 8,
  "fields": {
    "user": [
      "alex"
    ],
    "provider": "google-oauth2",
    "uid": "alex.artamonov2010@gmail.com",
    "extra_data": "{\"auth_time\": 1727036548, \"expires\": 3599, \"token_type\": \"Bearer\", \"access_token\": \"ya29.a0AcM612xtYq8_a58c9NY56nlI7zUd7na-B63xw2UfdLmmfwrniAIrXu3KiqtBrqDPMkoyoUM1qIoVneupAuvQNwLBtR3C1utTPD7GSFAKT8HfZCafG8YxLJ-p9Rwz1z3S9P43cGzglC5gOyeUeFVjUk_rQ4YfycVxvFQaCgYKAc0SARISFQHGX2MiW6F-5lsHRj91EEWUFBUJ4Q0170\"}",
    "created": "2024-09-19T17:47:44.124Z",
    "modified": "2024-09-22T20:22:28.019Z"
  }
},
{
  "model": "images.image",
  "pk": 1,
  "fields": {
    "user": [
      "alex"
    ],
    "title": "Django and Duke",
    "slug": "django-and-duke",
    "url": "https://upload.wikimedia.org/wikipedia/commons/8/85/Django_Reinhardt_and_Duke_Ellington_(Gottlieb).jpg",
    "image": "images/2024/09/18/django-and-duke.jpg",
    "description": "An image of two cool dudes",
    "created": "2024-09-18",
    "total_likes": 2,
    "users_like": [
      [
        "alex"
      ],
      [
        "ballen"
      ]
    ]
  }
},
{
  "model": "images.image",
  "pk": 3,
  "fields": {
    "user": [
      "alex"
    ],
    "title": "Wikimedia Commons",
    "slug": "wikimedia-commons",
    "url": "https://upload.wikimedia.org/wikipedia/commons/thumb/1/16/Sofia_Massif_and_Sofia_Glacier%2C_Karachay-Cherkessia%2C_Caucasus_Mountains.jpg/500px-Sofia_Massif_and_Sofia_Glacier%2C_Karachay-Cherkessia%2C_Caucasus_Mountains.jpg",
    "image": "images/2024/09/18/wikimedia-commons.jpg",
    "description": "",
    "created": "2024-09-18",
    "total_likes": 0,
    "users_like": []
  }
},
{
  "model": "images.image",
  "pk": 5,
  "fields": {
    "user": [
      "alex"
    ],
    "title": "Winona Ryder",
    "slug": "winona-ryder",
    "url": "https://aws-modapedia.vogue.es/prod/designs/v1/assets/640x506/551.jpg",
    "image": "images/2024/09/18/winona-ryder.jpg",
    "description": "",
    "created": "2024-09-18",
    "total_likes": 2,
    "users_like": [
      [
        "alex"
      ],
      [
        "hasan"
      ]
    ]
  }
},
{
  "model": "images.image",
  "pk": 10,
  "fields": {
    "user": [
      "alex"
    ],
    "title": "bh bike",
    "slug": "bh-bike",
    "url": "https://bhbikes.b-cdn.net/cache/bicis/1e2145/lg555_cnn_n1.jpg",
    "image": "images/2024/09/18/bh-bike_Gp6Osm1.jpg",
    "description": "Some bike from BH",
    "created": "2024-09-18",
    "total_likes": 1,
    "users_like": [
      [
        "alex"
      ]
    ]
  }
},
{
  "model": "images.image",
  "pk": 11,
  "fields": {
    "user": [
      "alex"
    ],
    "title": "Maillot ML Giant Factory Off Road Team Legends Edition | Giant Bicycles Espaa",
    "slug": "maillot-ml-giant-factory-off-road-team-legends-edition-giant-bicycles-espana",
    "url": "https://images2.giant-bicycles.com/b_white%2Cc_fill%2Cg_auto%2Ch_400%2Cq_90%2Cw_600/dgs8ohvtdby44rftyj3y/GFORT_Legends_Cuore_Feed_2.jpg",
    "image": "images/2024/09/18/maillot-ml-giant-factory-off-road-team-legends-edition-giant-bicycles-espana.jpg",
    "description": "some dude on a mountaine bike",
    "created": "2024-09-18",
    "total_likes": 1,
    "users_like": [
      [
        "alex"
      ]
    ]
  }
},
{
  "model": "images.image",
  "pk": 13,
  "fields": {
    "user": [
      "alex"
    ],
    "title": "Sport bike",
    "slug": "sport-bike",
    "url": "https://s.alicdn.com/@sc04/kf/H2252f7a8fcb94bbbbafaf5a311a352d8U.png_52x52.jpg",
    "image": "images/2024/09/18/sport-bike.jpg",
    "description": "Some agressive-looking sport bike",
    "created": "2024-09-18",
    "total_likes": 1,
    "users_like": [
      [
        "ballen"
      ]
    ]
  }
},
{
  "model": "images.image",
  "pk": 14,
  "fields": {
    "user": [
      "alex"
    ],
    "title": "StockCake: Captivating Free Images for Every Occasion",
    "slug": "stockcake-captivating-free-images-for-every-occasion",
    "url": "https://images.stockcake.com/public/f/2/7/f2719dae-0184-49ba-a806-c11854dde8f1_large/kids-learning-math-stockcake.jpg",
    "image": "images/2024/09/19/stockcake-captivating-free-images-for-every-occasion.jpg",
    "description": "grerw",
    "created": "2024-09-19",
    "total_likes": 0,
    "users_like": []
  }
},
{
  "model": "images.image",
  "pk": 15,
  "fields": {
    "user": [
      "ballen"
    ],
    "title": "StockCake: Captivating Free Images for Every Occasion",
    "slug": "stockcake-captivating-free-images-for-every-occasion",
    "url": "https://images.stockcake.com/public/4/b/f/4bfdae1f-df88-464f-bfe4-ddfa3d360fde_large/tearing-contract-apart-stockcake.jpg",
    "image": "images/2024/09/19/stockcake-captivating-free-images-for-every-occasion_3XPDB8X.jpg",
    "description": "trewt",
    "created": "2024-09-19",
    "total_likes": 0,
    "users_like": []
  }
},
{
  "model": "images.image",
  "pk": 16,
  "fields": {
    "user": [
      "ballen"
    ],
    "title": "Free City Life Images | Download at StockCake",
    "slug": "free-city-life-images-download-at-stockcake",
    "url": "https://images.stockcake.com/public/c/c/8/cc881f2c-12d2-4ed2-b8f5-1982a7402a35_large/bustling-city-life-stockcake.jpg",
    "image": "images/2024/09/19/free-city-life-images-download-at-stockcake.jpg",
    "description": "city life",
    "created": "2024-09-19",
    "total_likes": 0,
    "users_like": []
  }
},
{
  "model": "images.image",
  "pk": 17,
  "fields": {
    "user": [
      "ballen"
    ],
    "title": "Free City Life Images | Download at StockCake",
    "slug": "free-city-life-images-download-at-stockcake",
    "url": "https://images.stockcake.com/public/8/c/e/8ce2ade9-064c-4fe5-b35f-9dfeccf11b70_large/bustling-city-life-stockcake.jpg",
    "image": "images/2024/09/19/free-city-life-images-download-at-stockcake_0S3f0I0.jpg",
    "description": "station",
    "created": "2024-09-19",
    "total_likes": 0,
    "users_like": []
  }
},
{
  "model": "images.image",
  "pk": 18,
  "fields": {
    "user": [
      "ballen"
    ],
    "title": "Free Serene Images | Download at StockCake",
    "slug": "free-serene-images-download-at-stockcake",
    "url": "https://images.stockcake.com/public/3/3/4/3348b63f-59b5-4f19-8342-c26fbd2ea9fe_large/serene-buddha-setup-stockcake.jpg",
    "image": "images/2024/09/19/free-serene-images-download-at-stockcake.jpg",
    "description": "asf;ljg",
    "created": "2024-09-19",
    "total_likes": 0,
    "users_like": []
  }
},
{
  "model": "images.image",
  "pk": 19,
  "fields": {
    "user": [
      "ballen"
    ],
    "title": "Free Serene Images | Download at StockCake",
    "slug": "free-serene-images-download-at-stockcake",
    "url": "https://images.stockcake.com/public/2/6/2/262934f3-7b7b-4949-b5b5-6c2e6a548371_large/serene-sunset-lake-stockcake.jpg",
    "image": "images/2024/09/19/free-serene-images-download-at-stockcake_7TTo89z.jpg",
    "description": "lake",
    "created": "2024-09-19",
    "total_likes": 0,
    "users_like": []
  }
},
{
  "model": "images.image",
  "pk": 20,
  "fields": {
    "user": [
      "ballen"
    ],
    "title": "Free Serene Images | Download at StockCake",
    "slug": "free-serene-images-download-at-stockcake",
    "url": "https://images.stockcake.com/public/2/d/6/2d6ed8c7-3871-4e9e-9581-b1eb176df509_large/monkeys-by-water-stockcake.jpg",
    "image": "images/2024/09/19/free-serene-images-download-at-stockcake_tjQejyl.jpg",
    "description": "savanna",
    "created": "2024-09-19",
    "total_likes": 0,
    "users_like": []
  }
},
{
  "model": "images.image",
  "pk": 21,
  "fields": {
    "user": [
      "ballen"
    ],
    "title": "Free Serene Images | Download at StockCake",
    "slug": "free-serene-images-download-at-stockcake",
    "url": "https://images.stockcake.com/public/c/a/3/ca31c8d0-c3eb-436c-9143-e8ba78967af1_large/serene-elderly-woman-stockcake.jpg",
    "image": "images/2024/09/19/free-serene-images-download-at-stockcake_ZBiScYm.jpg",
    "description": "woman",
    "created": "2024-09-19",
    "total_likes": 2,
    "users_like": [
      [
        "alex"
      ],
      [
        "cristina"
      ]
    ]
  }
},
{
  "model": "images.image",
  "pk": 22,
  "fields": {
    "user": [
      "ballen"
    ],
    "title": "Free Serene Images | Download at StockCake",
    "slug": "free-serene-images-download-at-stockcake",
    "url": "https://images.stockcake.com/public/b/7/a/b7a0f476-e953-4550-9e39-1da39de62526_large/serene-mountain-reflection-stockcake.jpg",
    "image": "images/2024/09/19/free-serene-images-download-at-stockcake_u84FRAD.jpg",
    "description": "paisaje",
    "created": "2024-09-19",
    "total_likes": 0,
    "users_like": []
  }
},
{
  "model": "images.image",
  "pk": 23,
  "fields": {
    "user": [
      "ballen"
    ],
    "title": "Free Serene Images | Download at StockCake",
    "slug": "free-serene-images-download-at-stockcake",
    "url": "https://images.stockcake.com/public/7/b/b/7bbfe6c0-238f-4a19-97d5-c9303bed4893_large/serene-gaur-portrait-stockcake.jpg",
    "image": "images/2024/09/19/free-serene-images-download-at-stockcake_XF2lneF.jpg",
    "description": "bull",
    "created": "2024-09-19",
    "total_likes": 0,
    "users_like": []
  }
},
{
  "model": "images.image",
  "pk": 24,
  "fields": {
    "user": [
      "ballen"
    ],
    "title": "Free Books Images | Download at StockCake",
    "slug": "free-books-images-download-at-stockcake",
    "url": "https://images.stockcake.com/public/6/a/4/6a480f0c-7db9-4b3a-a21d-5dcbf890f0f0_large/ancient-stacked-books-stockcake.jpg",
    "image": "images/2024/09/19/free-books-images-download-at-stockcake.jpg",
    "description": "books",
    "created": "2024-09-19",
    "total_likes": 0,
    "users_like": []
  }
},
{
  "model": "images.image",
  "pk": 25,
  "fields": {
    "user": [
      "cristina"
    ],
    "title": "Free Books Images | Download at StockCake",
    "slug": "free-books-images-download-at-stockcake",
    "url": "https://images.stockcake.com/public/3/7/c/37c42d3e-d9f4-4e65-83d7-aee4a33105e4_large/vintage-books-display-stockcake.jpg",
    "image": "images/2024/09/19/free-books-images-download-at-stockcake_NWILS8K.jpg",
    "description": "asflkjasdfs",
    "created": "2024-09-19",
    "total_likes": 1,
    "users_like": [
      [
        "alex"
      ]
    ]
  }
},
{
  "model": "images.image",
  "pk": 26,
  "fields": {
    "user": [
      "cristina"
    ],
    "title": "Free Books Images | Download at StockCake",
    "slug": "free-books-images-download-at-stockcake",
    "url": "https://images.stockcake.com/public/8/f/d/8fd69119-0c05-4089-849c-2a8aeb73f145_large/surrounded-by-books-stockcake.jpg",
    "image": "images/2024/09/19/free-books-images-download-at-stockcake_dfVq6Hw.jpg",
    "description": "qwllterjkjl",
    "created": "2024-09-19",
    "total_likes": 0,
    "users_like": []
  }
},
{
  "model": "images.image",
  "pk": 27,
  "fields": {
    "user": [
      "alex"
    ],
    "title": "StockCake: Captivating Free Images for Every Occasion",
    "slug": "stockcake-captivating-free-images-for-every-occasion",
    "url": "https://images.stockcake.com/public/c/6/9/c695fc47-490e-48a8-920f-d80fdf026edd_large/happy-schoolboy-smiling-stockcake.jpg",
    "image": "images/2024/09/22/stockcake-captivating-free-images-for-every-occasion.jpg",
    "description": "puppet",
    "created": "2024-09-22",
    "total_likes": 3,
    "users_like": [
      [
        "alex"
      ],
      [
        "cristina"
      ],
      [
        "hasan"
      ]
    ]
  }
},
{
  "model": "images.image",
  "pk": 28,
  "fields": {
    "user": [
      "cristina"
    ],
    "title": "StockCake: Captivating Free Images for Every Occasion",
    "slug": "stockcake-captivating-free-images-for-every-occasion",
    "url": "https://images.stockcake.com/public/9/a/0/9a0fa003-27ad-4a4a-8ce2-67c40683eee7_large/caf-street-view-stockcake.jpg",
    "image": "images/2024/09/22/stockcake-captivating-free-images-for-every-occasion_lgdpoLE.jpg",
    "description": "cafe",
    "created": "2024-09-22",
    "total_likes": 0,
    "users_like": []
  }
},
{
  "model": "images.image",
  "pk": 29,
  "fields": {
    "user": [
      "alex"
    ],
    "title": "StockCake: Captivating Free Images for Every Occasion",
    "slug": "stockcake-captivating-free-images-for-every-occasion",
    "url": "https://images.stockcake.com/public/6/7/2/672d7a3d-1e6f-431a-8f48-a5d4a9584d62_medium/colorful-dotted-backdrop-stockcake.jpg",
    "image": "images/2024/09/22/stockcake-captivating-free-images-for-every-occasion_W6QOlH5.jpg",
    "description": "sabana",
    "created": "2024-09-22",
    "total_likes": 1,
    "users_like": [
      [
        "cristina"
      ]
    ]
  }
},
{
  "model": "images.image",
  "pk": 30,
  "fields": {
    "user": [
      "alex"
    ],
    "title": "Free Stock Photos, Royalty Free Stock Images & Copyright Free Pictures  Pexels",
    "slug": "free-stock-photos-royalty-free-stock-images-copyright-free-pictures-pexels",
    "url": "https://cdn-au.onetrust.com/logos/3dbea99f-abc0-4dbd-bcd7-8f6dfcaea28d/9974d293-0bb4-4e2a-9e9d-0b6d2be65116/393462e4-7f90-4470-91ee-5bcae486dbec/3IX0JssK_400x400.jpeg",
    "image": "images/2024/09/22/free-stock-photos-royalty-free-stock-images-copyright-free-pictures-pexels.jpeg",
    "description": "letter",
    "created": "2024-09-22",
    "total_likes": 0,
    "users_like": []
  }
},
{
  "model": "images.image",
  "pk": 31,
  "fields": {
    "user": [
      "cristina"
    ],
    "title": "bird",
    "slug": "bird",
    "url": "https://cdn.pixabay.com/photo/2024/09/02/13/08/kingfisher-9016787_640.jpg",
    "image": "images/2024/09/24/bird.jpg",
    "description": "some bird",
    "created": "2024-09-24",
    "total_likes": 2,
    "users_like": [
      [
        "alex"
      ],
      [
        "cristina"
      ]
    ]
  }
},
{
  "model": "actions.action",
  "pk": 23,
  "fields": {
    "user": [
      "alex"
    ],
    "verb": "likes",
    "created": "2024-09-23T22:31:20.306Z",
    "target_ct": [
      "images",
      "image"
    ],
    "target_id": 27
  }
},
{
  "model": "actions.action",
  "pk": 24,
  "fields": {
    "user": [
      "cristina"
    ],
    "verb": "bookmarked",
    "created": "2024-09-23T22:35:25.962Z",
    "target_ct": [
      "images",
      "image"
    ],
    "target_id": 31
  }
},
{
  "model": "actions.action",
  "pk": 25,
  "fields": {
    "user": [
      "cristina"
    ],
    "verb": "likes",
    "created": "2024-09-23T22:35:52.894Z",
    "target_ct": [
      "images",
      "image"
    ],
    "target_id": 31
  }
},
{
  "model": "actions.action",
  "pk": 26,
  "fields": {
    "user": [
      "hasan"
    ],
    "verb": "likes",
    "created": "2024-09-23T22:38:55.791Z",
    "target_ct": [
      "images",
      "image"
    ],
    "target_id": 27
  }
},
{
  "model": "actions.action",
  "pk": 27,
  "fields": {
    "user": [
      "cristina"
    ],
    "verb": "is following",
    "created": "2024-09-23T22:40:03.090Z",
    "target_ct": [
      "auth",
      "user"
    ],
    "target_id": 1
  }
},
{
  "model": "actions.action",
  "pk": 28,
  "fields": {
    "user": [
      "alex"
    ],
    "verb": "is following",
    "created": "2024-09-23T22:41:51.243Z",
    "target_ct": [
      "auth",
      "user"
    ],
    "target_id": 4
  }
},
{
  "model": "actions.action",
  "pk": 29,
  "fields": {
    "user": [
      "ballen"
    ],
    "verb": "likes",
    "created": "2024-09-23T22:44:38.575Z",
    "target_ct": [
      "images",
      "image"
    ],
    "target_id": 1
  }
},
{
  "model": "actions.action",
  "pk": 31,
  "fields": {
    "user": [
      "ballen"
    ],
    "verb": "likes",
    "created": "2024-09-23T22:45:26.101Z",
    "target_ct": [
      "images",
      "image"
    ],
    "target_id": 13
  }
},
{
  "model": "actions.action",
  "pk": 32,
  "fields": {
    "user": [
      "hasan"
    ],
    "verb": "is following",
    "created": "2024-09-23T22:47:20.705Z",
    "target_ct": [
      "auth",
      "user"
    ],
    "target_id": 3
  }
},
{
  "model": "actions.action",
  "pk": 33,
  "fields": {
    "user": [
      "alex"
    ],
    "verb": "likes",
    "created": "2024-09-24T17:58:46.048Z",
    "target_ct": [
      "images",
      "image"
    ],
    "target_id": 1
  }
},
{
  "model": "actions.action",
  "pk": 34,
  "fields": {
    "user": [
      "alex"
    ],
    "verb": "likes",
    "created": "2024-09-24T18:11:12.314Z",
    "target_ct": [
      "images",
      "image"
    ],
    "target_id": 31
  }
},
{
  "model": "actions.action",
  "pk": 35,
  "fields": {
    "user": [
      "alex"
    ],
    "verb": "likes",
    "created": "2024-09-24T18:11:35.279Z",
    "target_ct": [
      "images",
      "image"
    ],
    "target_id": 21
  }
},
{
  "model": "actions.action",
  "pk": 36,
  "fields": {
    "user": [
      "alex"
    ],
    "verb": "likes",
    "created": "2024-09-24T18:11:41.209Z",
    "target_ct": [
      "images",
      "image"
    ],
    "target_id": 10
  }
},
{
  "model": "actions.action",
  "pk": 37,
  "fields": {
    "user": [
      "alex"
    ],
    "verb": "likes",
    "created": "2024-09-24T18:11:48.136Z",
    "target_ct": [
      "images",
      "image"
    ],
    "target_id": 5
  }
},
{
  "model": "actions.action",
  "pk": 38,
  "fields": {
    "user": [
      "alex"
    ],
    "verb": "likes",
    "created": "2024-09-24T18:11:53.130Z",
    "target_ct": [
      "images",
      "image"
    ],
    "target_id": 11
  }
},
{
  "model": "actions.action",
  "pk": 39,
  "fields": {
    "user": [
      "alex"
    ],
    "verb": "likes",
    "created": "2024-09-24T18:12:00.274Z",
    "target_ct": [
      "images",
      "image"
    ],
    "target_id": 25
  }
},
{
  "model": "actions.action",
  "pk": 40,
  "fields": {
    "user": [
      "cristina"
    ],
    "verb": "likes",
    "created": "2024-09-24T18:12:29.781Z",
    "target_ct": [
      "images",
      "image"
    ],
    "target_id": 27
  }
},
{
  "model": "actions.action",
  "pk": 41,
  "fields": {
    "user": [
      "cristina"
    ],
    "verb": "likes",
    "created": "2024-09-24T18:12:36.427Z",
    "target_ct": [
      "images",
      "image"
    ],
    "target_id": 29
  }
},
{
  "model": "actions.action",
  "pk": 42,
  "fields": {
    "user": [
      "cristina"
    ],
    "verb": "likes",
    "created": "2024-09-24T18:12:45.272Z",
    "target_ct": [
      "images",
      "image"
    ],
    "target_id": 21
  }
},
{
  "model": "actions.action",
  "pk": 43,
  "fields": {
    "user": [
      "hasan"
    ],
    "verb": "likes",
    "created": "2024-09-24T18:13:17.068Z",
    "target_ct": [
      "images",
      "image"
    ],
    "target_id": 5
  }
},
{
  "model": "admin.logentry",
  "pk": 1,
  "fields": {
    "action_time": "2023-08-10T19:16:07.332Z",
    "user": [
      "alex"
    ],
    "content_type": [
      "auth",
      "user"
    ],
    "object_id": "2",
    "object_repr": "test",
    "action_flag": 1,
    "change_message": "[{\"added\": {}}]"
  }
},
{
  "model": "admin.logentry",
  "pk": 2,
  "fields": {
    "action_time": "2023-08-10T19:17:13.478Z",
    "user": [
      "alex"
    ],
    "content_type": [
      "auth",
      "user"
    ],
    "object_id": "2",
    "object_repr": "test",
    "action_flag": 2,
    "change_message": "[{\"changed\": {\"fields\": [\"First name\", \"Last name\", \"Email address\"]}}]"
  }
},
{
  "model": "admin.logentry",
  "pk": 3,
  "fields": {
    "action_time": "2023-08-14T21:25:39.810Z",
    "user": [
      "alex"
    ],
    "content_type": [
      "account",
      "profile"
    ],
    "object_id": "1",
    "object_repr": "Profile of cristina",
    "action_flag": 1,
    "change_message": "[{\"added\": {}}]"
  }
},
{
  "model": "admin.logentry",
  "pk": 4,
  "fields": {
    "action_time": "2023-08-14T21:28:22.387Z",
    "user": [
      "alex"
    ],
    "content_type": [
      "account",
      "profile"
    ],
    "object_id": "2",
    "object_repr": "Profile of ballen",
    "action_flag": 1,
    "change_message": "[{\"added\": {}}]"
  }
},
{
  "model": "admin.logentry",
  "pk": 5,
  "fields": {
    "action_time": "2023-08-14T21:28:54.604Z",
    "user": [
      "alex"
    ],
    "content_type": [
      "account",
      "profile"
    ],
    "object_id": "3",
    "object_repr": "Profile of test",
    "action_flag": 1,
    "change_message": "[{\"added\": {}}]"
  }
},
{
  "model": "admin.logentry",
  "pk": 6,
  "fields": {
    "action_time": "2023-08-14T21:29:42.895Z",
    "user": [
      "alex"
    ],
    "content_type": [
      "account",
      "profile"
    ],
    "object_id": "4",
    "object_repr": "Profile of alex",
    "action_flag": 1,
    "change_message": "[{\"added\": {}}]"
  }
},
{
  "model": "admin.logentry",
  "pk": 7,
  "fields": {
    "action_time": "2023-08-28T19:30:38.642Z",
    "user": [
      "alex"
    ],
    "content_type": [
      "auth",
      "user"
    ],
    "object_id": "1",
    "object_repr": "alex",
    "action_flag": 2,
    "change_message": "[{\"changed\": {\"fields\": [\"Email address\"]}}]"
  }
},
{
  "model": "admin.logentry",
  "pk": 8,
  "fields": {
    "action_time": "2023-08-28T19:31:49.536Z",
    "user": [
      "alex"
    ],
    "content_type": [
      "auth",
      "user"
    ],
    "object_id": "1",
    "object_repr": "alex",
    "action_flag": 2,
    "change_message": "[{\"changed\": {\"fields\": [\"Email address\"]}}]"
  }
},
{
  "model": "admin.logentry",
  "pk": 9,
  "fields": {
    "action_time": "2023-08-28T22:31:25.307Z",
    "user": [
      "alex"
    ],
    "content_type": [
      "auth",
      "user"
    ],
    "object_id": "8",
    "object_repr": "alex.artamonov2010",
    "action_flag": 3,
    "change_message": ""
  }
},
{
  "model": "admin.logentry",
  "pk": 10,
  "fields": {
    "action_time": "2023-08-28T22:31:25.312Z",
    "user": [
      "alex"
    ],
    "content_type": [
      "auth",
      "user"
    ],
    "object_id": "6",
    "object_repr": "martin.kovshov",
    "action_flag": 3,
    "change_message": ""
  }
},
{
  "model": "admin.logentry",
  "pk": 11,
  "fields": {
    "action_time": "2023-08-28T22:31:51.090Z",
    "user": [
      "alex"
    ],
    "content_type": [
      "auth",
      "user"
    ],
    "object_id": "7",
    "object_repr": "e01158bd579f4c13",
    "action_flag": 3,
    "change_message": ""
  }
},
{
  "model": "admin.logentry",
  "pk": 12,
  "fields": {
    "action_time": "2023-12-24T14:33:43.866Z",
    "user": [
      "alex"
    ],
    "content_type": [
      "social_django",
      "usersocialauth"
    ],
    "object_id": "7",
    "object_repr": "viktor.bolshev",
    "action_flag": 3,
    "change_message": ""
  }
},
{
  "model": "admin.logentry",
  "pk": 13,
  "fields": {
    "action_time": "2024-09-18T19:31:31.973Z",
    "user": [
      "alex"
    ],
    "content_type": [
      "images",
      "image"
    ],
    "object_id": "9",
    "object_repr": "bh bike",
    "action_flag": 3,
    "change_message": ""
  }
},
{
  "model": "admin.logentry",
  "pk": 14,
  "fields": {
    "action_time": "2024-09-18T20:41:27.588Z",
    "user": [
      "alex"
    ],
    "content_type": [
      "images",
      "image"
    ],
    "object_id": "8",
    "object_repr": "EMMA A. nude in erotic LAGOA gallery - MetArt.com",
    "action_flag": 3,
    "change_message": ""
  }
},
{
  "model": "admin.logentry",
  "pk": 15,
  "fields": {
    "action_time": "2024-09-18T20:41:27.592Z",
    "user": [
      "alex"
    ],
    "content_type": [
      "images",
      "image"
    ],
    "object_id": "7",
    "object_repr": "EMMA A. nude in erotic LAGOA gallery - MetArt.com",
    "action_flag": 3,
    "change_message": ""
  }
},
{
  "model": "admin.logentry",
  "pk": 16,
  "fields": {
    "action_time": "2024-09-18T20:41:27.593Z",
    "user": [
      "alex"
    ],
    "content_type": [
      "images",
      "image"
    ],
    "object_id": "6",
    "object_repr": "tits",
    "action_flag": 3,
    "change_message": ""
  }
},
{
  "model": "admin.logentry",
  "pk": 17,
  "fields": {
    "action_time": "2024-09-18T20:41:27.595Z",
    "user": [
      "alex"
    ],
    "content_type": [
      "images",
      "image"
    ],
    "object_id": "4",
    "object_repr": "Magic Nudes Women Erotic Nude Teens and Nude Girls Pics",
    "action_flag": 3,
    "change_message": ""
  }
},
{
  "model": "admin.logentry",
  "pk": 18,
  "fields": {
    "action_time": "2024-09-18T22:50:25.608Z",
    "user": [
      "alex"
    ],
    "content_type": [
      "auth",
      "user"
    ],
    "object_id": "10",
    "object_repr": "viktor",
    "action_flag": 2,
    "change_message": "[{\"changed\": {\"fields\": [\"Username\"]}}]"
  }
},
{
  "model": "admin.logentry",
  "pk": 19,
  "fields": {
    "action_time": "2024-09-18T23:05:09.341Z",
    "user": [
      "alex"
    ],
    "content_type": [
      "account",
      "profile"
    ],
    "object_id": "5",
    "object_repr": "Profile of billybons",
    "action_flag": 2,
    "change_message": "[{\"changed\": {\"fields\": [\"Photo\"]}}]"
  }
},
{
  "model": "admin.logentry",
  "pk": 20,
  "fields": {
    "action_time": "2024-09-18T23:05:29.343Z",
    "user": [
      "alex"
    ],
    "content_type": [
      "account",
      "profile"
    ],
    "object_id": "3",
    "object_repr": "Profile of test",
    "action_flag": 2,
    "change_message": "[{\"changed\": {\"fields\": [\"Photo\"]}}]"
  }
},
{
  "model": "admin.logentry",
  "pk": 21,
  "fields": {
    "action_time": "2024-09-18T23:05:40.572Z",
    "user": [
      "alex"
    ],
    "content_type": [
      "account",
      "profile"
    ],
    "object_id": "2",
    "object_repr": "Profile of ballen",
    "action_flag": 2,
    "change_message": "[{\"changed\": {\"fields\": [\"Photo\"]}}]"
  }
},
{
  "model": "admin.logentry",
  "pk": 22,
  "fields": {
    "action_time": "2024-09-18T23:05:52.017Z",
    "user": [
      "alex"
    ],
    "content_type": [
      "account",
      "profile"
    ],
    "object_id": "1",
    "object_repr": "Profile of cristina",
    "action_flag": 2,
    "change_message": "[{\"changed\": {\"fields\": [\"Photo\"]}}]"
  }
},
{
  "model": "admin.logentry",
  "pk": 23,
  "fields": {
    "action_time": "2024-09-19T23:23:25.220Z",
    "user": [
      "alex"
    ],
    "content_type": [
      "auth",
      "user"
    ],
    "object_id": "9",
    "object_repr": "martin",
    "action_flag": 2,
    "change_message": "[{\"changed\": {\"fields\": [\"Username\"]}}]"
  }
},
{
  "model": "admin.logentry",
  "pk": 24,
  "fields": {
    "action_time": "2024-09-19T23:24:20.951Z",
    "user": [
      "alex"
    ],
    "content_type": [
      "auth",
      "user"
    ],
    "object_id": "11",
    "object_repr": "viktorbolshev",
    "action_flag": 2,
    "change_message": "[{\"changed\": {\"fields\": [\"Username\", \"First name\", \"Last name\"]}}]"
  }
},
{
  "model": "admin.logentry",
  "pk": 25,
  "fields": {
    "action_time": "2024-09-22T20:18:00.192Z",
    "user": [
      "alex"
    ],
    "content_type": [
      "auth",
      "user"
    ],
    "object_id": "12",
    "object_repr": "hasan",
    "action_flag": 2,
    "change_message": "[{\"changed\": {\"fields\": [\"Username\", \"First name\", \"Last name\"]}}]"
  }
},
{
  "model": "admin.logentry",
  "pk": 26,
  "fields": {
    "action_time": "2024-09-22T20:18:25.504Z",
    "user": [
      "alex"
    ],
    "content_type": [
      "account",
      "profile"
    ],
    "object_id": "10",
    "object_repr": "Profile of hasan",
    "action_flag": 2,
    "change_message": "[{\"changed\": {\"fields\": [\"Photo\"]}}]"
  }
},
{
  "model": "admin.logentry",
  "pk": 27,
  "fields": {
    "action_time": "2024-09-22T20:39:51.179Z",
    "user": [
      "alex"
    ],
    "content_type": [
      "account",
      "profile"
    ],
    "object_id": "9",
    "object_repr": "Profile of viktorbolshev",
    "action_flag": 2,
    "change_message": "[{\"changed\": {\"fields\": [\"Photo\"]}}]"
  }
},
{
  "model": "admin.logentry",
  "pk": 28,
  "fields": {
    "action_time": "2024-09-22T20:43:32.172Z",
    "user": [
      "alex"
    ],
    "content_type": [
      "account",
      "profile"
    ],
    "object_id": "7",
    "object_repr": "Profile of martin",
    "action_flag": 2,
    "change_message": "[{\"changed\": {\"fields\": [\"Photo\"]}}]"
  }
},
{
  "model": "account.contact",
  "pk": 6,
  "fields": {
    "user_from": [
      "ballen"
    ],
    "user_to": [
      "cristina"
    ],
    "created": "2024-09-21T20:13:01.380Z"
  }
},
{
  "model": "account.contact",
  "pk": 7,
  "fields": {
    "user_from": [
      "ballen"
    ],
    "user_to": [
      "test"
    ],
    "created": "2024-09-21T20:16:59.167Z"
  }
},
{
  "model": "account.contact",
  "pk": 8,
  "fields": {
    "user_from": [
      "ballen"
    ],
    "user_to": [
      "alex"
    ],
    "created": "2024-09-21T20:17:09.026Z"
  }
},
{
  "model": "account.contact",
  "pk": 12,
  "fields": {
    "user_from": [
      "alex"
    ],
    "user_to": [
      "ballen"
    ],
    "created": "2024-09-22T18:57:24.389Z"
  }
},
{
  "model": "account.contact",
  "pk": 13,
  "fields": {
    "user_from": [
      "test"
    ],
    "user_to": [
      "martin"
    ],
    "created": "2024-09-22T19:23:53.493Z"
  }
},
{
  "model": "account.contact",
  "pk": 15,
  "fields": {
    "user_from": [
      "test"
    ],
    "user_to": [
      "billybons"
    ],
    "created": "2024-09-22T19:53:36.275Z"
  }
},
{
  "model": "account.contact",
  "pk": 16,
  "fields": {
    "user_from": [
      "ballen"
    ],
    "user_to": [
      "viktorbolshev"
    ],
    "created": "2024-09-22T20:47:24.013Z"
  }
},
{
  "model": "account.contact",
  "pk": 17,
  "fields": {
    "user_from": [
      "hasan"
    ],
    "user_to": [
      "alex"
    ],
    "created": "2024-09-22T20:49:27.878Z"
  }
},
{
  "model": "account.contact",
  "pk": 18,
  "fields": {
    "user_from": [
      "cristina"
    ],
    "user_to": [
      "hasan"
    ],
    "created": "2024-09-22T20:50:35.046Z"
  }
},
{
  "model": "account.contact",
  "pk": 19,
  "fields": {
    "user_from": [
      "cristina"
    ],
    "user_to": [
      "alex"
    ],
    "created": "2024-09-23T22:40:03.086Z"
  }
},
{
  "model": "account.contact",
  "pk": 20,
  "fields": {
    "user_from": [
      "alex"
    ],
    "user_to": [
      "cristina"
    ],
    "created": "2024-09-23T22:41:51.193Z"
  }
},
{
  "model": "account.contact",
  "pk": 21,
  "fields": {
    "user_from": [
      "hasan"
    ],
    "user_to": [
      "ballen"
    ],
    "created": "2024-09-23T22:47:20.701Z"
  }
},
{
  "model": "account.profile",
  "pk": 1,
  "fields": {
    "user": [
      "cristina"
    ],
    "date_of_birth": "2020-08-06",
    "photo": "users/2024/09/19/wom1_kGNrJJs.jpeg"
  }
},
{
  "model": "account.profile",
  "pk": 2,
  "fields": {
    "user": [
      "ballen"
    ],
    "date_of_birth": "1993-04-16",
    "photo": "users/2024/09/19/mrballen_6jkMgOu.png"
  }
},
{
  "model": "account.profile",
  "pk": 3,
  "fields": {
    "user": [
      "test"
    ],
    "date_of_birth": "2002-06-01",
    "photo": "users/2024/09/19/rand_man2_VRzlEZg.jpeg"
  }
},
{
  "model": "account.profile",
  "pk": 4,
  "fields": {
    "user": [
      "alex"
    ],
    "date_of_birth": "1950-01-07",
    "photo": "users/2023/09/03/rand_man3.jpeg"
  }
},
{
  "model": "account.profile",
  "pk": 5,
  "fields": {
    "user": [
      "billybons"
    ],
    "date_of_birth": "1954-01-31",
    "photo": "users/2024/09/19/billybons_nPnkz29.png"
  }
},
{
  "model": "account.profile",
  "pk": 7,
  "fields": {
    "user": [
      "martin"
    ],
    "date_of_birth": null,
    "photo": "users/2024/09/22/rand_man6.png"
  }
},
{
  "model": "account.profile",
  "pk": 8,
  "fields": {
    "user": [
      "viktor"
    ],
    "date_of_birth": null,
    "photo": ""
  }
},
{
  "model": "account.profile",
  "pk": 9,
  "fields": {
    "user": [
      "viktorbolshev"
    ],
    "date_of_birth": null,
    "photo": "users/2024/09/22/leonardo.jpeg"
  }
},
{
  "model": "account.profile",
  "pk": 10,
  "fields": {
    "user": [
      "hasan"
    ],
    "date_of_birth": null,
    "photo": "users/2024/09/22/rand_man.jpeg"
  }
}
]
